{
  "motionQuality" : 0.98024076223373413,
  "frame_index" : 49,
  "time" : 288323.06990325009,
  "intrinsics" : [
    1593.8209228515625,
    0,
    949.9619140625,
    0,
    1593.8209228515625,
    720.7220458984375,
    0,
    0,
    1
  ],
  "cameraPoseARFrame" : [
    -0.10736069828271866,
    0.97847503423690796,
    -0.1762382984161377,
    -0.0043814894743263721,
    -0.80291658639907837,
    0.019211374223232269,
    0.59578162431716919,
    0.34005877375602722,
    0.58634328842163086,
    0.20546817779541016,
    0.78357142210006714,
    0.47804880142211914,
    0,
    0,
    0,
    0.99999958276748657
  ],
  "cameraGrain" : 0.13390198349952698,
  "exposureDuration" : 0.01666666753590107,
  "projectionMatrix" : [
    1.6602301597595215,
    0,
    0.0099354982376098633,
    0,
    0,
    2.2136402130126953,
    0.0016973018646240234,
    0,
    0,
    0,
    -0.9999997615814209,
    -0.00099999981466680765,
    0,
    0,
    -1,
    0
  ],
  "averageAngularVelocity" : 0.069157399237155914,
  "averageVelocity" : 0
}