{
  "averageVelocity" : 0.23569583892822266,
  "cameraPoseARFrame" : [
    -0.034220527857542038,
    0.99138593673706055,
    -0.12642116844654083,
    -0.20404066145420074,
    -0.84147661924362183,
    0.039666071534156799,
    0.53883510828018188,
    0.46450981497764587,
    0.53920835256576538,
    0.12481971085071564,
    0.83287101984024048,
    0.57764977216720581,
    0,
    0,
    0,
    0.99999946355819702
  ],
  "averageAngularVelocity" : 0.24143548309803009,
  "cameraGrain" : 0.13746201992034912,
  "exposureDuration" : 0.01666666753590107,
  "intrinsics" : [
    1619.5794677734375,
    0,
    949.88983154296875,
    0,
    1619.5794677734375,
    720.68487548828125,
    0,
    0,
    1
  ],
  "frame_index" : 8,
  "time" : 288301.45937929174,
  "projectionMatrix" : [
    1.6870619058609009,
    0,
    0.010010600090026855,
    0,
    0,
    2.2494158744812012,
    0.0016456842422485352,
    0,
    0,
    0,
    -0.9999997615814209,
    -0.00099999981466680765,
    0,
    0,
    -1,
    0
  ],
  "motionQuality" : 0.9310184121131897
}