{
  "motionQuality" : 0.96819472312927246,
  "frame_index" : 51,
  "time" : 288324.13698737504,
  "intrinsics" : [
    1639.4632568359375,
    0,
    949.96966552734375,
    0,
    1639.4632568359375,
    720.72357177734375,
    0,
    0,
    1
  ],
  "cameraPoseARFrame" : [
    -0.11624958366155624,
    0.97489446401596069,
    -0.18991194665431976,
    0.008777993731200695,
    -0.798126220703125,
    0.022116351872682571,
    0.60208410024642944,
    0.34024056792259216,
    0.59116876125335693,
    0.22156576812267303,
    0.77551794052124023,
    0.48271197080612183,
    0,
    0,
    0,
    0.99999958276748657
  ],
  "cameraGrain" : 0.1295057088136673,
  "exposureDuration" : 0.01666666753590107,
  "projectionMatrix" : [
    1.70777428150177,
    0,
    0.0099274516105651855,
    0,
    0,
    2.2770323753356934,
    0.0016993880271911621,
    0,
    0,
    0,
    -0.9999997615814209,
    -0.00099999981466680765,
    0,
    0,
    -1,
    0
  ],
  "averageAngularVelocity" : 0.11131842434406281,
  "averageVelocity" : 0
}