{
  "projectionMatrix" : [
    1.6748229265213013,
    0,
    0.0094686150550842285,
    0,
    0,
    2.2330970764160156,
    0.0018661618232727051,
    0,
    0,
    0,
    -0.9999997615814209,
    -0.00099999981466680765,
    0,
    0,
    -1,
    0
  ],
  "motionQuality" : 0.99553084373474121,
  "intrinsics" : [
    1607.8299560546875,
    0,
    950.41015625,
    0,
    1607.8299560546875,
    720.8436279296875,
    0,
    0,
    1
  ],
  "averageAngularVelocity" : 0,
  "cameraPoseARFrame" : [
    -0.56488090753555298,
    0.74139869213104248,
    -0.36226671934127808,
    -0.47926238179206848,
    -0.58611327409744263,
    -0.051467545330524445,
    0.80859261751174927,
    0.4612525999546051,
    0.5808447003364563,
    0.66908806562423706,
    0.46361672878265381,
    0.2101743221282959,
    0,
    0,
    0,
    0.99999958276748657
  ],
  "cameraGrain" : 0.12861965596675873,
  "frame_index" : 32,
  "time" : 288314.13292670838,
  "exposureDuration" : 0.01666666753590107,
  "averageVelocity" : 0
}