{
  "averageVelocity" : 0,
  "cameraPoseARFrame" : [
    -0.050164110958576202,
    0.98617100715637207,
    -0.15795555710792542,
    -0.20581984519958496,
    -0.90247321128845215,
    0.022987864911556244,
    0.43013182282447815,
    0.41985848546028137,
    0.42781469225883484,
    0.16412793099880219,
    0.88883990049362183,
    0.69727659225463867,
    0,
    0,
    0,
    0.99999946355819702
  ],
  "averageAngularVelocity" : 0.0094064204022288322,
  "cameraGrain" : 0.12983779609203339,
  "exposureDuration" : 0.01666666753590107,
  "intrinsics" : [
    1600.5994873046875,
    0,
    949.7906494140625,
    0,
    1600.5994873046875,
    720.69439697265625,
    0,
    0,
    1
  ],
  "frame_index" : 1,
  "time" : 288297.72621150006,
  "projectionMatrix" : [
    1.6672911643981934,
    0,
    0.010113894939422607,
    0,
    0,
    2.2230548858642578,
    0.0016588568687438965,
    0,
    0,
    0,
    -0.9999997615814209,
    -0.00099999981466680765,
    0,
    0,
    -1,
    0
  ],
  "motionQuality" : 0.99731242656707764
}