{
  "projectionMatrix" : [
    1.67011559009552,
    0,
    0.0098562240600585938,
    0,
    0,
    2.226820707321167,
    0.0018089413642883301,
    0,
    0,
    0,
    -0.9999997615814209,
    -0.00099999981466680765,
    0,
    0,
    -1,
    0
  ],
  "motionQuality" : 0.84581494331359863,
  "intrinsics" : [
    1603.3109130859375,
    0,
    950.03802490234375,
    0,
    1603.3109130859375,
    720.80242919921875,
    0,
    0,
    1
  ],
  "averageAngularVelocity" : 0.53964769840240479,
  "cameraPoseARFrame" : [
    0.50210398435592651,
    0.58293735980987549,
    0.63880777359008789,
    0.35982409119606018,
    -0.76978814601898193,
    -0.035356760025024414,
    0.63731926679611206,
    0.59599584341049194,
    0.39410340785980225,
    -0.81174725294113159,
    0.43098559975624084,
    0.31472429633140564,
    0,
    0,
    0,
    0.99999958276748657
  ],
  "cameraGrain" : 0.12941524386405945,
  "frame_index" : 21,
  "time" : 288308.32880404172,
  "exposureDuration" : 0.01666666753590107,
  "averageVelocity" : 0.26924780011177063
}