{
  "averageVelocity" : 0.006331366952508688,
  "cameraPoseARFrame" : [
    -0.044560790061950684,
    0.9862409234046936,
    -0.15919484198093414,
    -0.20926317572593689,
    -0.89985430240631104,
    0.029588209465146065,
    0.43518567085266113,
    0.41942217946052551,
    0.43390825390815735,
    0.16264443099498749,
    0.88615477085113525,
    0.69763743877410889,
    0,
    0,
    0,
    0.99999958276748657
  ],
  "averageAngularVelocity" : 0.011243452318012714,
  "cameraGrain" : 0.13055458664894104,
  "exposureDuration" : 0.01666666753590107,
  "intrinsics" : [
    1600.5994873046875,
    0,
    949.79449462890625,
    0,
    1600.5994873046875,
    720.68817138671875,
    0,
    0,
    1
  ],
  "frame_index" : 4,
  "time" : 288299.32698837505,
  "projectionMatrix" : [
    1.6672911643981934,
    0,
    0.010109901428222656,
    0,
    0,
    2.2230548858642578,
    0.0016502141952514648,
    0,
    0,
    0,
    -0.9999997615814209,
    -0.00099999981466680765,
    0,
    0,
    -1,
    0
  ],
  "motionQuality" : 0.99678760766983032
}