{
  "time" : 288329.43737408338,
  "projectionMatrix" : [
    1.6818839311599731,
    0,
    0.010033369064331055,
    0,
    0,
    2.2425117492675781,
    0.0016589760780334473,
    0,
    0,
    0,
    -0.9999997615814209,
    -0.00099999981466680765,
    0,
    0,
    -1,
    0
  ],
  "cameraPoseARFrame" : [
    -0.088904619216918945,
    0.97227424383163452,
    -0.21628335118293762,
    -0.29640042781829834,
    -0.85463380813598633,
    0.037061221897602081,
    0.51790660619735718,
    0.36625936627388,
    0.51156312227249146,
    0.23088742792606354,
    0.8276437520980835,
    0.50811868906021118,
    0,
    0,
    0,
    0.99999958276748657
  ],
  "cameraGrain" : 0.12650075554847717,
  "motionQuality" : 0.95316731929779053,
  "frame_index" : 61,
  "exposureDuration" : 0.01666666753590107,
  "intrinsics" : [
    1614.6085205078125,
    0,
    949.86798095703125,
    0,
    1614.6085205078125,
    720.6944580078125,
    0,
    0,
    1
  ],
  "averageAngularVelocity" : 0.16391442716121674,
  "averageVelocity" : 0.1005755215883255
}