{
  "averageVelocity" : 0.37679660320281982,
  "cameraPoseARFrame" : [
    -0.076786048710346222,
    0.98486334085464478,
    -0.1553950309753418,
    -0.21386988461017609,
    -0.68735706806182861,
    0.060610748827457428,
    0.72378605604171753,
    0.60346865653991699,
    0.72224915027618408,
    0.16238859295845032,
    0.67229896783828735,
    0.50815415382385254,
    0,
    0,
    0,
    0.99999958276748657
  ],
  "averageAngularVelocity" : 0.37768614292144775,
  "cameraGrain" : 0.14165316522121429,
  "exposureDuration" : 0.01666666753590107,
  "intrinsics" : [
    1612.8009033203125,
    0,
    950.19183349609375,
    0,
    1612.8009033203125,
    720.67974853515625,
    0,
    0,
    1
  ],
  "frame_index" : 9,
  "time" : 288301.99471387506,
  "projectionMatrix" : [
    1.680000901222229,
    0,
    0.0096960067749023438,
    0,
    0,
    2.2400012016296387,
    0.0016385316848754883,
    0,
    0,
    0,
    -0.9999997615814209,
    -0.00099999981466680765,
    0,
    0,
    -1,
    0
  ],
  "motionQuality" : 0.89208966493606567
}