{
  "projectionMatrix" : [
    1.6602301597595215,
    0,
    0.0099356174468994141,
    0,
    0,
    2.2136402130126953,
    0.0017133355140686035,
    0,
    0,
    0,
    -0.9999997615814209,
    -0.00099999981466680765,
    0,
    0,
    -1,
    0
  ],
  "intrinsics" : [
    1593.8209228515625,
    0,
    949.9617919921875,
    0,
    1593.8209228515625,
    720.73358154296875,
    0,
    0,
    1
  ],
  "averageAngularVelocity" : 0,
  "cameraGrain" : 0.15947940945625305,
  "exposureDuration" : 0.01666666753590107,
  "time" : 288321.50257366674,
  "averageVelocity" : 0.069597981870174408,
  "cameraPoseARFrame" : [
    -0.055420141667127609,
    0.99434584379196167,
    -0.09058070182800293,
    -0.10833740234375,
    -0.80235534906387329,
    0.0096436049789190292,
    0.59676867723464966,
    0.33613088726997375,
    0.59426796436309814,
    0.10575093328952789,
    0.79728430509567261,
    0.45800185203552246,
    0,
    0,
    0,
    0.99999970197677612
  ],
  "motionQuality" : 0.98011487722396851,
  "frame_index" : 46
}