{
  "exposureDuration" : 0.01666666753590107,
  "frame_index" : 41,
  "motionQuality" : 0.89967089891433716,
  "projectionMatrix" : [
    1.6607009172439575,
    0,
    0.010007083415985107,
    0,
    0,
    2.2142677307128906,
    0.0016718506813049316,
    0,
    0,
    0,
    -0.9999997615814209,
    -0.00099999981466680765,
    0,
    0,
    -1,
    0
  ],
  "averageVelocity" : 0.35115185379981995,
  "cameraPoseARFrame" : [
    -0.0036935568787157536,
    0.99846732616424561,
    -0.055218111723661423,
    -0.23652869462966919,
    -0.83421391248703003,
    0.027372715994715691,
    0.55076092481613159,
    0.41670539975166321,
    0.55142837762832642,
    0.04809802770614624,
    0.83283448219299316,
    0.61037445068359375,
    0,
    0,
    0,
    0.99999958276748657
  ],
  "averageAngularVelocity" : 0.1972523033618927,
  "cameraGrain" : 0.13292345404624939,
  "time" : 288318.86655675009,
  "intrinsics" : [
    1594.2728271484375,
    0,
    949.8931884765625,
    0,
    1594.2728271484375,
    720.7037353515625,
    0,
    0,
    1
  ]
}