{
  "projectionMatrix" : [
    1.6602301597595215,
    0,
    0.0099697709083557129,
    0,
    0,
    2.2136402130126953,
    0.0016980767250061035,
    0,
    0,
    0,
    -0.9999997615814209,
    -0.00099999981466680765,
    0,
    0,
    -1,
    0
  ],
  "averageAngularVelocity" : 0.075854159891605377,
  "motionQuality" : 0.94605207443237305,
  "cameraGrain" : 0.13031436502933502,
  "averageVelocity" : 0.18881776928901672,
  "intrinsics" : [
    1593.8209228515625,
    0,
    949.92901611328125,
    0,
    1593.8209228515625,
    720.72259521484375,
    0,
    0,
    1
  ],
  "time" : 288319.39995695837,
  "exposureDuration" : 0.01666666753590107,
  "cameraPoseARFrame" : [
    -0.01416343729943037,
    0.99886226654052734,
    -0.045535441488027573,
    -0.23248343169689178,
    -0.81683343648910522,
    0.014707203954458237,
    0.57668578624725342,
    0.37155255675315857,
    0.57669949531555176,
    0.045362748205661774,
    0.81569588184356689,
    0.49054437875747681,
    0,
    0,
    0,
    0.99999958276748657
  ],
  "frame_index" : 42
}