{
  "projectionMatrix" : [
    1.6687033176422119,
    0,
    0.0094846487045288086,
    0,
    0,
    2.2249376773834229,
    0.0019150376319885254,
    0,
    0,
    0,
    -0.9999997615814209,
    -0.00099999981466680765,
    0,
    0,
    -1,
    0
  ],
  "motionQuality" : 0.93638056516647339,
  "intrinsics" : [
    1601.9552001953125,
    0,
    950.39471435546875,
    0,
    1601.9552001953125,
    720.87884521484375,
    0,
    0,
    1
  ],
  "averageAngularVelocity" : 0.22266806662082672,
  "cameraPoseARFrame" : [
    -0.61493963003158569,
    0.68813848495483398,
    -0.38511571288108826,
    -0.48647120594978333,
    -0.59116154909133911,
    -0.079066261649131775,
    0.80266815423965454,
    0.45954993367195129,
    0.52189737558364868,
    0.72125828266143799,
    0.45542219281196594,
    0.22311083972454071,
    0,
    0,
    0,
    0.99999946355819702
  ],
  "cameraGrain" : 0.1240355372428894,
  "time" : 288313.59774333338,
  "frame_index" : 31,
  "exposureDuration" : 0.01666666753590107,
  "averageVelocity" : 0.086713500320911407
}