{
  "time" : 288332.10529045842,
  "projectionMatrix" : [
    1.6705862283706665,
    0,
    0.010001301765441895,
    0,
    0,
    2.2274484634399414,
    0.001673579216003418,
    0,
    0,
    0,
    -0.9999997615814209,
    -0.00099999981466680765,
    0,
    0,
    -1,
    0
  ],
  "cameraPoseARFrame" : [
    -0.05532563105225563,
    0.98789525032043457,
    -0.14491994678974152,
    -0.14904060959815979,
    -0.83602267503738403,
    0.033520564436912537,
    0.54767000675201416,
    0.39812281727790833,
    0.54589849710464478,
    0.15145659446716309,
    0.82404839992523193,
    0.64067631959915161,
    0,
    0,
    0,
    0.99999958276748657
  ],
  "cameraGrain" : 0.14970441162586212,
  "motionQuality" : 0.97317367792129517,
  "frame_index" : 66,
  "exposureDuration" : 0.01666666753590107,
  "intrinsics" : [
    1603.7628173828125,
    0,
    949.89874267578125,
    0,
    1603.7628173828125,
    720.7049560546875,
    0,
    0,
    1
  ],
  "averageAngularVelocity" : 0,
  "averageVelocity" : 0.093892127275466919
}