{
  "averageVelocity" : 0,
  "cameraPoseARFrame" : [
    -0.047344833612442017,
    0.98605978488922119,
    -0.15951129794120789,
    -0.20820842683315277,
    -0.89979678392410278,
    0.027239395305514336,
    0.43545767664909363,
    0.41939070820808411,
    0.43373247981071472,
    0.16414450109004974,
    0.88596427440643311,
    0.69762265682220459,
    0,
    0,
    0,
    0.99999958276748657
  ],
  "averageAngularVelocity" : 0,
  "cameraGrain" : 0.12983779609203339,
  "exposureDuration" : 0.01666666753590107,
  "intrinsics" : [
    1600.5994873046875,
    0,
    949.79437255859375,
    0,
    1600.5994873046875,
    720.69158935546875,
    0,
    0,
    1
  ],
  "frame_index" : 3,
  "time" : 288298.79161804175,
  "projectionMatrix" : [
    1.6672911643981934,
    0,
    0.010110020637512207,
    0,
    0,
    2.2230548858642578,
    0.0016549825668334961,
    0,
    0,
    0,
    -0.9999997615814209,
    -0.00099999981466680765,
    0,
    0,
    -1,
    0
  ],
  "motionQuality" : 0.99840569496154785
}