{
  "motionQuality" : 0.98067748546600342,
  "frame_index" : 47,
  "time" : 288322.0362222917,
  "intrinsics" : [
    1593.8209228515625,
    0,
    949.9759521484375,
    0,
    1593.8209228515625,
    720.72509765625,
    0,
    0,
    1
  ],
  "cameraPoseARFrame" : [
    -0.069205217063426971,
    0.99052160978317261,
    -0.11864755302667618,
    -0.072297371923923492,
    -0.79477494955062866,
    0.017138835042715073,
    0.60666203498840332,
    0.33203813433647156,
    0.60294550657272339,
    0.13628232479095459,
    0.78605574369430542,
    0.46234822273254395,
    0,
    0,
    0,
    0.99999946355819702
  ],
  "cameraGrain" : 0.16684700548648834,
  "exposureDuration" : 0.01666666753590107,
  "projectionMatrix" : [
    1.6602301597595215,
    0,
    0.0099208950996398926,
    0,
    0,
    2.2136402130126953,
    0.0017015337944030762,
    0,
    0,
    0,
    -0.9999997615814209,
    -0.00099999981466680765,
    0,
    0,
    -1,
    0
  ],
  "averageAngularVelocity" : 0.05217776820063591,
  "averageVelocity" : 0.067628711462020874
}