{
  "intrinsics" : [
    1594.2728271484375,
    0,
    949.84039306640625,
    0,
    1594.2728271484375,
    720.7235107421875,
    0,
    0,
    1
  ],
  "motionQuality" : 0.90440654754638672,
  "time" : 288318.33285779174,
  "cameraPoseARFrame" : [
    -0.023944824934005737,
    0.99752867221832275,
    -0.066051915287971497,
    -0.20066241919994354,
    -0.86467713117599487,
    0.01249579805880785,
    0.50217241048812866,
    0.480417400598526,
    0.50175684690475464,
    0.069138035178184509,
    0.86224114894866943,
    0.79956084489822388,
    0,
    0,
    0,
    0.99999958276748657
  ],
  "averageVelocity" : 0.33457714319229126,
  "projectionMatrix" : [
    1.6607009172439575,
    0,
    0.010062098503112793,
    0,
    0,
    2.2142677307128906,
    0.0016993284225463867,
    0,
    0,
    0,
    -0.9999997615814209,
    -0.00099999981466680765,
    0,
    0,
    -1,
    0
  ],
  "exposureDuration" : 0.01666666753590107,
  "averageAngularVelocity" : 0.15496881306171417,
  "cameraGrain" : 0.13558857142925262,
  "frame_index" : 40
}