{
  "averageAngularVelocity" : 0.12189012765884399,
  "cameraGrain" : 0.14139491319656372,
  "exposureDuration" : 0.01666666753590107,
  "motionQuality" : 0.96517425775527954,
  "averageVelocity" : 0.11063165217638016,
  "frame_index" : 59,
  "time" : 288328.37021850009,
  "intrinsics" : [
    1614.6085205078125,
    0,
    949.89373779296875,
    0,
    1614.6085205078125,
    720.6431884765625,
    0,
    0,
    1
  ],
  "cameraPoseARFrame" : [
    -0.1977364718914032,
    0.87619388103485107,
    -0.43952715396881104,
    -0.22644813358783722,
    -0.84142452478408813,
    0.078317433595657349,
    0.53466904163360596,
    0.32527366280555725,
    0.50289648771286011,
    0.47555261850357056,
    0.72176504135131836,
    0.46261245012283325,
    0,
    0,
    0,
    0.99999958276748657
  ],
  "projectionMatrix" : [
    1.6818839311599731,
    0,
    0.010006546974182129,
    0,
    0,
    2.2425117492675781,
    0.0015877485275268555,
    0,
    0,
    0,
    -0.9999997615814209,
    -0.00099999981466680765,
    0,
    0,
    -1,
    0
  ]
}