{
  "averageAngularVelocity" : 0.52263814210891724,
  "cameraGrain" : 0.14870414137840271,
  "exposureDuration" : 0.01666666753590107,
  "motionQuality" : 0.85067480802536011,
  "averageVelocity" : 0.1396217942237854,
  "frame_index" : 55,
  "time" : 288326.23781266675,
  "projectionMatrix" : [
    1.6818839311599731,
    0,
    0.0099733471870422363,
    0,
    0,
    2.2425117492675781,
    0.0018673539161682129,
    0,
    0,
    0,
    -0.9999997615814209,
    -0.00099999981466680765,
    0,
    0,
    -1,
    0
  ],
  "cameraPoseARFrame" : [
    0.0077559896744787693,
    0.99087256193161011,
    0.13457724452018738,
    0.074087768793106079,
    -0.82360446453094482,
    -0.069994933903217316,
    0.56282871961593628,
    0.33274891972541809,
    0.56711137294769287,
    -0.11520370841026306,
    0.81554430723190308,
    0.48830753564834595,
    0,
    0,
    0,
    0.99999958276748657
  ],
  "intrinsics" : [
    1614.6085205078125,
    0,
    949.92559814453125,
    0,
    1614.6085205078125,
    720.844482421875,
    0,
    0,
    1
  ]
}