{
  "projectionMatrix" : [
    1.6832960844039917,
    0,
    0.009778439998626709,
    0,
    0,
    2.2443947792053223,
    0.0017725825309753418,
    0,
    0,
    0,
    -0.9999997615814209,
    -0.00099999981466680765,
    0,
    0,
    -1,
    0
  ],
  "motionQuality" : 0.95937782526016235,
  "intrinsics" : [
    1615.9642333984375,
    0,
    950.1126708984375,
    0,
    1615.9642333984375,
    720.7762451171875,
    0,
    0,
    1
  ],
  "averageAngularVelocity" : 0.096132487058639526,
  "cameraPoseARFrame" : [
    0.63422375917434692,
    0.35184365510940552,
    0.68845206499099731,
    0.44924136996269226,
    -0.73363804817199707,
    -0.0071463542990386486,
    0.67950284481048584,
    0.61001300811767578,
    0.2439986914396286,
    -0.9360315203666687,
    0.2535935640335083,
    0.22420394420623779,
    0,
    0,
    0,
    0.99999970197677612
  ],
  "cameraGrain" : 0.10188806056976318,
  "frame_index" : 22,
  "time" : 288308.8624269584,
  "exposureDuration" : 0.01666666753590107,
  "averageVelocity" : 0.14217758178710938
}