{
  "averageVelocity" : 0.30712524056434631,
  "cameraPoseARFrame" : [
    -0.19178834557533264,
    0.97087305784225464,
    -0.14360505342483521,
    -0.17947947978973389,
    -0.082201451063156128,
    0.12991659343242645,
    0.98811155557632446,
    0.63920938968658447,
    0.97798770666122437,
    0.20131286978721619,
    0.05489068478345871,
    0.11429350078105927,
    0,
    0,
    0,
    0.99999958276748657
  ],
  "averageAngularVelocity" : 0.19673900306224823,
  "cameraGrain" : 0.14356297254562378,
  "exposureDuration" : 0.01666666753590107,
  "intrinsics" : [
    1601.0513916015625,
    0,
    951.64794921875,
    0,
    1601.0513916015625,
    720.6578369140625,
    0,
    0,
    1
  ],
  "frame_index" : 15,
  "time" : 288305.16247433343,
  "motionQuality" : 0.91224992275238037,
  "projectionMatrix" : [
    1.6677619218826294,
    0,
    0.0081792473793029785,
    0,
    0,
    2.2236824035644531,
    0.0016081333160400391,
    0,
    0,
    0,
    -0.9999997615814209,
    -0.00099999981466680765,
    0,
    0,
    -1,
    0
  ]
}