{
  "projectionMatrix" : [
    1.67011559009552,
    0,
    0.0099231600761413574,
    0,
    0,
    2.226820707321167,
    0.0017626285552978516,
    0,
    0,
    0,
    -0.9999997615814209,
    -0.00099999981466680765,
    0,
    0,
    -1,
    0
  ],
  "motionQuality" : 0.88133865594863892,
  "intrinsics" : [
    1603.3109130859375,
    0,
    949.9737548828125,
    0,
    1603.3109130859375,
    720.76910400390625,
    0,
    0,
    1
  ],
  "averageAngularVelocity" : 0.41531476378440857,
  "cameraPoseARFrame" : [
    0.33760824799537659,
    0.81254476308822632,
    0.47517496347427368,
    0.25857871770858765,
    -0.80152899026870728,
    -0.016518820077180862,
    0.59772735834121704,
    0.58014070987701416,
    0.4935297966003418,
    -0.5826643705368042,
    0.64570140838623047,
    0.46745765209197998,
    0,
    0,
    0,
    0.99999946355819702
  ],
  "cameraGrain" : 0.13319255411624908,
  "time" : 288307.7950928334,
  "frame_index" : 20,
  "exposureDuration" : 0.01666666753590107,
  "averageVelocity" : 0.40891191363334656
}