{
  "averageVelocity" : 0.27123504877090454,
  "cameraPoseARFrame" : [
    -0.18758882582187653,
    0.98127716779708862,
    -0.043649397790431976,
    -0.048181485384702682,
    -0.13864696025848389,
    0.017540838569402695,
    0.99018639326095581,
    0.64649546146392822,
    0.97241312265396118,
    0.19179977476596832,
    0.1327606588602066,
    0.18530064821243286,
    0,
    0,
    0,
    0.99999958276748657
  ],
  "averageAngularVelocity" : 0.20691300928592682,
  "cameraGrain" : 0.13608589768409729,
  "exposureDuration" : 0.01666666753590107,
  "intrinsics" : [
    1600.5994873046875,
    0,
    951.50518798828125,
    0,
    1600.5994873046875,
    720.802978515625,
    0,
    0,
    1
  ],
  "frame_index" : 16,
  "time" : 288305.69425429171,
  "projectionMatrix" : [
    1.6672911643981934,
    0,
    0.0083279013633728027,
    0,
    0,
    2.2230548858642578,
    0.0018097162246704102,
    0,
    0,
    0,
    -0.9999997615814209,
    -0.00099999981466680765,
    0,
    0,
    -1,
    0
  ],
  "motionQuality" : 0.9225042462348938
}