{
  "time" : 288306.22801470838,
  "averageAngularVelocity" : 1.5965811014175415,
  "intrinsics" : [
    1601.9552001953125,
    0,
    950.5369873046875,
    0,
    1601.9552001953125,
    720.7662353515625,
    0,
    0,
    1
  ],
  "cameraGrain" : 0.13128302991390228,
  "projectionMatrix" : [
    1.6687033176422119,
    0,
    0.0093364715576171875,
    0,
    0,
    2.2249376773834229,
    0.0017586350440979004,
    0,
    0,
    0,
    -0.9999997615814209,
    -0.00099999981466680765,
    0,
    0,
    -1,
    0
  ],
  "cameraPoseARFrame" : [
    -0.12214013189077377,
    0.98861837387084961,
    -0.087835438549518585,
    -0.041071679443120956,
    -0.547088623046875,
    0.0067780790850520134,
    0.83704710006713867,
    0.64554458856582642,
    0.82811570167541504,
    0.15029086172580719,
    0.54003411531448364,
    0.31924581527709961,
    0,
    0,
    0,
    0.99999958276748657
  ],
  "frame_index" : 17,
  "motionQuality" : 0.54383397102355957,
  "exposureDuration" : 0.01666666753590107,
  "averageVelocity" : 0.39151829481124878
}