{
  "projectionMatrix" : [
    1.6687033176422119,
    0,
    0.0097408294677734375,
    0,
    0,
    2.2249376773834229,
    0.0017783045768737793,
    0,
    0,
    0,
    -0.9999997615814209,
    -0.00099999981466680765,
    0,
    0,
    -1,
    0
  ],
  "motionQuality" : 0.75007915496826172,
  "intrinsics" : [
    1601.9552001953125,
    0,
    950.1488037109375,
    0,
    1601.9552001953125,
    720.7803955078125,
    0,
    0,
    1
  ],
  "averageAngularVelocity" : 0.87472289800643921,
  "cameraPoseARFrame" : [
    -0.077628910541534424,
    0.99562114477157593,
    -0.052075188606977463,
    -0.18809911608695984,
    -0.7131161093711853,
    -0.018947629258036613,
    0.70078957080841064,
    0.60264939069747925,
    0.69673436880111694,
    0.091537207365036011,
    0.71146458387374878,
    0.42444795370101929,
    0,
    0,
    0,
    0.99999946355819702
  ],
  "cameraGrain" : 0.14067219197750092,
  "time" : 288310.96336462506,
  "frame_index" : 26,
  "exposureDuration" : 0.01666666753590107,
  "averageVelocity" : 0.41584920883178711
}