{
  "averageVelocity" : 0.007031614426523447,
  "cameraPoseARFrame" : [
    -0.04336942732334137,
    0.98601031303405762,
    -0.16094239056110382,
    -0.21050494909286499,
    -0.89927065372467041,
    0.031652342528104782,
    0.43624547123908997,
    0.41843053698539734,
    0.43523681163787842,
    0.16365054249763489,
    0.88531756401062012,
    0.69690871238708496,
    0,
    0,
    0,
    0.99999958276748657
  ],
  "averageAngularVelocity" : 0.010125846602022648,
  "cameraGrain" : 0.13055458664894104,
  "exposureDuration" : 0.01666666753590107,
  "intrinsics" : [
    1600.1475830078125,
    0,
    949.7952880859375,
    0,
    1600.1475830078125,
    720.68585205078125,
    0,
    0,
    1
  ],
  "frame_index" : 5,
  "time" : 288299.85862562509,
  "projectionMatrix" : [
    1.6668204069137573,
    0,
    0.010109066963195801,
    0,
    0,
    2.2224271297454834,
    0.0016469955444335938,
    0,
    0,
    0,
    -0.9999997615814209,
    -0.00099999981466680765,
    0,
    0,
    -1,
    0
  ],
  "motionQuality" : 0.99710690975189209
}