{
  "averageVelocity" : 0.2999953031539917,
  "cameraPoseARFrame" : [
    -0.11738603562116623,
    0.98695564270019531,
    -0.11017648875713348,
    -0.14966413378715515,
    -0.36441102623939514,
    0.060395609587430954,
    0.92927759885787964,
    0.67806768417358398,
    0.92381000518798828,
    0.14923375844955444,
    0.35256794095039368,
    0.24471679329872131,
    0,
    0,
    0,
    0.99999970197677612
  ],
  "averageAngularVelocity" : 0.2256961315870285,
  "cameraGrain" : 0.14232198894023895,
  "exposureDuration" : 0.01666666753590107,
  "intrinsics" : [
    1611.4451904296875,
    0,
    950.9263916015625,
    0,
    1611.4451904296875,
    720.72833251953125,
    0,
    0,
    1
  ],
  "frame_index" : 11,
  "time" : 288303.06010770838,
  "projectionMatrix" : [
    1.6785887479782104,
    0,
    0.0089308619499206543,
    0,
    0,
    2.2381184101104736,
    0.0017060041427612305,
    0,
    0,
    0,
    -0.9999997615814209,
    -0.00099999981466680765,
    0,
    0,
    -1,
    0
  ],
  "motionQuality" : 0.9142870306968689
}