{
  "motionQuality" : 0.92131525278091431,
  "cameraGrain" : 0.11767403781414032,
  "frame_index" : 29,
  "averageVelocity" : 0.11156020313501358,
  "averageAngularVelocity" : 0.2753966748714447,
  "intrinsics" : [
    1601.9552001953125,
    0,
    950.23590087890625,
    0,
    1601.9552001953125,
    720.77337646484375,
    0,
    0,
    1
  ],
  "time" : 288312.53047495842,
  "projectionMatrix" : [
    1.6687033176422119,
    0,
    0.009650111198425293,
    0,
    0,
    2.2249376773834229,
    0.0017685890197753906,
    0,
    0,
    0,
    -0.9999997615814209,
    -0.00099999981466680765,
    0,
    0,
    -1,
    0
  ],
  "exposureDuration" : 0.01666666753590107,
  "cameraPoseARFrame" : [
    -0.61800092458724976,
    0.57203316688537598,
    -0.53930759429931641,
    -0.53171110153198242,
    -0.66307443380355835,
    -0.010701033286750317,
    0.74847692251205444,
    0.54289776086807251,
    0.42238253355026245,
    0.82016056776046753,
    0.38591387867927551,
    0.30836397409439087,
    0,
    0,
    0,
    0.99999958276748657
  ]
}