{
  "averageAngularVelocity" : 0.10640864819288254,
  "motionQuality" : 0.96959751844406128,
  "frame_index" : 54,
  "averageVelocity" : 0.024616383016109467,
  "cameraPoseARFrame" : [
    0.083517357707023621,
    0.94735461473464966,
    0.30910131335258484,
    0.12128482013940811,
    -0.82544058561325073,
    -0.1080079972743988,
    0.55405938625335693,
    0.32642343640327454,
    0.55827635526657104,
    -0.30141833424568176,
    0.77296459674835205,
    0.47379893064498901,
    0,
    0,
    0,
    0.99999946355819702
  ],
  "projectionMatrix" : [
    1.6818839311599731,
    0,
    0.0099731087684631348,
    0,
    0,
    2.2425117492675781,
    0.0019348859786987305,
    0,
    0,
    0,
    -0.9999997615814209,
    -0.00099999981466680765,
    0,
    0,
    -1,
    0
  ],
  "exposureDuration" : 0.01666666753590107,
  "time" : 288325.7358490834,
  "intrinsics" : [
    1614.6085205078125,
    0,
    949.92584228515625,
    0,
    1614.6085205078125,
    720.89312744140625,
    0,
    0,
    1
  ],
  "cameraGrain" : 0.15193372964859009
}