{
  "intrinsics" : [
    1614.6085205078125,
    0,
    949.8958740234375,
    0,
    1614.6085205078125,
    720.73382568359375,
    0,
    0,
    1
  ],
  "cameraPoseARFrame" : [
    -0.05844106525182724,
    0.99294412136077881,
    -0.10318125039339066,
    -0.079275831580162048,
    -0.83803403377532959,
    0.0073687504045665264,
    0.54556792974472046,
    0.37754598259925842,
    0.54247885942459106,
    0.1183529794216156,
    0.83169043064117432,
    0.59415942430496216,
    0,
    0,
    0,
    0.99999958276748657
  ],
  "frame_index" : 64,
  "cameraGrain" : 0.15255698561668396,
  "averageAngularVelocity" : 0.10492206364870071,
  "projectionMatrix" : [
    1.6818839311599731,
    0,
    0.010004281997680664,
    0,
    0,
    2.2425117492675781,
    0.0017136335372924805,
    0,
    0,
    0,
    -0.9999997615814209,
    -0.00099999981466680765,
    0,
    0,
    -1,
    0
  ],
  "averageVelocity" : 0.14888294041156769,
  "time" : 288331.03793220839,
  "motionQuality" : 0.95746201276779175,
  "exposureDuration" : 0.01666666753590107
}