{
  "averageAngularVelocity" : 0.23618514835834503,
  "cameraGrain" : 0.13038118183612823,
  "exposureDuration" : 0.01666666753590107,
  "motionQuality" : 0.93251854181289673,
  "averageVelocity" : 0.11012128740549088,
  "frame_index" : 60,
  "time" : 288328.90385825007,
  "intrinsics" : [
    1615.0604248046875,
    0,
    949.87432861328125,
    0,
    1615.0604248046875,
    720.7052001953125,
    0,
    0,
    1
  ],
  "cameraPoseARFrame" : [
    -0.16760712862014771,
    0.93097072839736938,
    -0.32434692978858948,
    -0.27633154392242432,
    -0.85086017847061157,
    0.029570117592811584,
    0.52455919981002808,
    0.34079012274742126,
    0.49794033169746399,
    0.36389386653900146,
    0.78716987371444702,
    0.47248417139053345,
    0,
    0,
    0,
    0.99999958276748657
  ],
  "projectionMatrix" : [
    1.6823545694351196,
    0,
    0.010026752948760986,
    0,
    0,
    2.2431395053863525,
    0.0016738772392272949,
    0,
    0,
    0,
    -0.9999997615814209,
    -0.00099999981466680765,
    0,
    0,
    -1,
    0
  ]
}