{
  "averageVelocity" : 0.0060354769229888916,
  "cameraPoseARFrame" : [
    -0.043142136186361313,
    0.9863591194152832,
    -0.15885244309902191,
    -0.21140401065349579,
    -0.89815866947174072,
    0.031344231218099594,
    0.43855255842208862,
    0.41699251532554626,
    0.43754950165748596,
    0.16159486770629883,
    0.88455492258071899,
    0.69555747509002686,
    0,
    0,
    0,
    0.99999958276748657
  ],
  "averageAngularVelocity" : 0,
  "cameraGrain" : 0.1309313029050827,
  "exposureDuration" : 0.01666666753590107,
  "intrinsics" : [
    1600.1475830078125,
    0,
    949.79705810546875,
    0,
    1600.1475830078125,
    720.68701171875,
    0,
    0,
    1
  ],
  "frame_index" : 6,
  "time" : 288300.39218975004,
  "projectionMatrix" : [
    1.6668204069137573,
    0,
    0.010107219219207764,
    0,
    0,
    2.2224271297454834,
    0.0016486048698425293,
    0,
    0,
    0,
    -0.9999997615814209,
    -0.00099999981466680765,
    0,
    0,
    -1,
    0
  ],
  "motionQuality" : 0.99365085363388062
}