{
  "motionQuality" : 0.79386436939239502,
  "cameraGrain" : 0.11440031975507736,
  "frame_index" : 28,
  "averageVelocity" : 0.42766514420509338,
  "averageAngularVelocity" : 0.72147476673126221,
  "intrinsics" : [
    1601.9552001953125,
    0,
    950.13671875,
    0,
    1601.9552001953125,
    720.719970703125,
    0,
    0,
    1
  ],
  "time" : 288311.9969449584,
  "projectionMatrix" : [
    1.6687033176422119,
    0,
    0.0097534060478210449,
    0,
    0,
    2.2249376773834229,
    0.0016943812370300293,
    0,
    0,
    0,
    -0.9999997615814209,
    -0.00099999981466680765,
    0,
    0,
    -1,
    0
  ],
  "exposureDuration" : 0.01666666753590107,
  "cameraPoseARFrame" : [
    -0.52142101526260376,
    0.64852750301361084,
    -0.55455559492111206,
    -0.45301058888435364,
    -0.71349447965621948,
    0.025095291435718536,
    0.70021116733551025,
    0.57428950071334839,
    0.46802300214767456,
    0.76077723503112793,
    0.44963565468788147,
    0.37199768424034119,
    0,
    0,
    0,
    0.99999958276748657
  ]
}