{
  "motionQuality" : 0.857413649559021,
  "frame_index" : 52,
  "time" : 288324.67052187509,
  "intrinsics" : [
    1614.6085205078125,
    0,
    949.95806884765625,
    0,
    1614.6085205078125,
    720.80914306640625,
    0,
    0,
    1
  ],
  "cameraPoseARFrame" : [
    -0.077858299016952515,
    0.99658191204071045,
    -0.027608627453446388,
    0.032385323196649551,
    -0.80577939748764038,
    -0.046596303582191467,
    0.59037971496582031,
    0.33288094401359558,
    0.58707535266876221,
    0.068212449550628662,
    0.80665326118469238,
    0.48050558567047119,
    0,
    0,
    0,
    0.99999958276748657
  ],
  "cameraGrain" : 0.14456449449062347,
  "exposureDuration" : 0.01666666753590107,
  "projectionMatrix" : [
    1.6818839311599731,
    0,
    0.0099394917488098145,
    0,
    0,
    2.2425117492675781,
    0.001818239688873291,
    0,
    0,
    0,
    -0.9999997615814209,
    -0.00099999981466680765,
    0,
    0,
    -1,
    0
  ],
  "averageAngularVelocity" : 0.49905216693878174,
  "averageVelocity" : 0.097259022295475006
}