{
  "averageVelocity" : 0.27331140637397766,
  "cameraPoseARFrame" : [
    -0.12815827131271362,
    0.98131662607192993,
    -0.14350229501724243,
    -0.21676374971866608,
    -0.47449171543121338,
    0.066389843821525574,
    0.87775266170501709,
    0.67156302928924561,
    0.87088054418563843,
    0.18058192729949951,
    0.45711821317672729,
    0.3952135443687439,
    0,
    0,
    0,
    0.99999958276748657
  ],
  "averageAngularVelocity" : 0.55313330888748169,
  "cameraGrain" : 0.14503386616706848,
  "exposureDuration" : 0.01666666753590107,
  "intrinsics" : [
    1611.4451904296875,
    0,
    950.66534423828125,
    0,
    1611.4451904296875,
    720.7030029296875,
    0,
    0,
    1
  ],
  "frame_index" : 10,
  "time" : 288302.52626762504,
  "projectionMatrix" : [
    1.6785887479782104,
    0,
    0.0092027783393859863,
    0,
    0,
    2.2381184101104736,
    0.00167083740234375,
    0,
    0,
    0,
    -0.9999997615814209,
    -0.00099999981466680765,
    0,
    0,
    -1,
    0
  ],
  "motionQuality" : 0.84196192026138306
}