{
  "averageAngularVelocity" : 0.25367516279220581,
  "motionQuality" : 0.92752140760421753,
  "frame_index" : 56,
  "averageVelocity" : 0.16613169014453888,
  "cameraPoseARFrame" : [
    -0.047812141478061676,
    0.99573802947998047,
    -0.078865662217140198,
    8.2657752500381321e-05,
    -0.82777100801467896,
    0.0046897707507014275,
    0.56104648113250732,
    0.34068682789802551,
    0.55902522802352905,
    0.092107564210891724,
    0.82401883602142334,
    0.49103367328643799,
    0,
    0,
    0,
    0.99999982118606567
  ],
  "projectionMatrix" : [
    1.6818839311599731,
    0,
    0.0099848508834838867,
    0,
    0,
    2.2425117492675781,
    0.0017287135124206543,
    0,
    0,
    0,
    -0.9999997615814209,
    -0.00099999981466680765,
    0,
    0,
    -1,
    0
  ],
  "exposureDuration" : 0.01666666753590107,
  "time" : 288326.76967341674,
  "intrinsics" : [
    1614.6085205078125,
    0,
    949.91455078125,
    0,
    1614.6085205078125,
    720.74468994140625,
    0,
    0,
    1
  ],
  "cameraGrain" : 0.1480681300163269
}