{
  "time" : 288329.97131150006,
  "projectionMatrix" : [
    1.6818839311599731,
    0,
    0.01002877950668335,
    0,
    0,
    2.2425117492675781,
    0.0016367435455322266,
    0,
    0,
    0,
    -0.9999997615814209,
    -0.00099999981466680765,
    0,
    0,
    -1,
    0
  ],
  "cameraPoseARFrame" : [
    -0.048574294894933701,
    0.9847099781036377,
    -0.16729241609573364,
    -0.23395578563213348,
    -0.85123485326766968,
    0.046810179948806763,
    0.5226929783821106,
    0.37718239426612854,
    0.52253204584121704,
    0.16779462993144989,
    0.83594578504562378,
    0.54531574249267578,
    0,
    0,
    0,
    0.99999958276748657
  ],
  "cameraGrain" : 0.13491690158843994,
  "motionQuality" : 0.95255821943283081,
  "frame_index" : 62,
  "exposureDuration" : 0.01666666753590107,
  "intrinsics" : [
    1614.6085205078125,
    0,
    949.87237548828125,
    0,
    1614.6085205078125,
    720.678466796875,
    0,
    0,
    1
  ],
  "averageAngularVelocity" : 0.088817358016967773,
  "averageVelocity" : 0.16604630649089813
}