{
  "projectionMatrix" : [
    1.6602301597595215,
    0,
    0.009931027889251709,
    0,
    0,
    2.2136402130126953,
    0.0017051100730895996,
    0,
    0,
    0,
    -0.9999997615814209,
    -0.00099999981466680765,
    0,
    0,
    -1,
    0
  ],
  "averageAngularVelocity" : 0.04352346807718277,
  "motionQuality" : 0.98187202215194702,
  "cameraGrain" : 0.13226601481437683,
  "averageVelocity" : 0,
  "intrinsics" : [
    1593.8209228515625,
    0,
    949.9661865234375,
    0,
    1593.8209228515625,
    720.7276611328125,
    0,
    0,
    1
  ],
  "time" : 288319.93528720841,
  "exposureDuration" : 0.01666666753590107,
  "cameraPoseARFrame" : [
    -0.017861336469650269,
    0.99877911806106567,
    -0.046052295714616776,
    -0.22025248408317566,
    -0.79878312349319458,
    0.013448078185319901,
    0.60146850347518921,
    0.34120705723762512,
    0.60135364532470703,
    0.047528825700283051,
    0.79756790399551392,
    0.44956165552139282,
    0,
    0,
    0,
    0.99999958276748657
  ],
  "frame_index" : 43
}