{
  "projectionMatrix" : [
    1.6687033176422119,
    0,
    0.0097100734710693359,
    0,
    0,
    2.2249376773834229,
    0.001711726188659668,
    0,
    0,
    0,
    -0.9999997615814209,
    -0.00099999981466680765,
    0,
    0,
    -1,
    0
  ],
  "motionQuality" : 0.86686027050018311,
  "intrinsics" : [
    1601.9552001953125,
    0,
    950.1783447265625,
    0,
    1601.9552001953125,
    720.732421875,
    0,
    0,
    1
  ],
  "averageAngularVelocity" : 0.46598908305168152,
  "cameraPoseARFrame" : [
    -0.30920979380607605,
    0.89551210403442383,
    -0.32007357478141785,
    -0.30671456456184387,
    -0.69613164663314819,
    0.016165418550372124,
    0.71773207187652588,
    0.59388834238052368,
    0.64791196584701538,
    0.44474318623542786,
    0.61839592456817627,
    0.44272470474243164,
    0,
    0,
    0,
    0.99999970197677612
  ],
  "cameraGrain" : 0.12989054620265961,
  "time" : 288311.4649467917,
  "frame_index" : 27,
  "exposureDuration" : 0.01666666753590107,
  "averageVelocity" : 0.15384221076965332
}