{
  "projectionMatrix" : [
    1.6687033176422119,
    0,
    0.009708106517791748,
    0,
    0,
    2.2249376773834229,
    0.0017775893211364746,
    0,
    0,
    0,
    -0.9999997615814209,
    -0.00099999981466680765,
    0,
    0,
    -1,
    0
  ],
  "motionQuality" : 0.83484697341918945,
  "intrinsics" : [
    1601.9552001953125,
    0,
    950.18023681640625,
    0,
    1601.9552001953125,
    720.77984619140625,
    0,
    0,
    1
  ],
  "averageAngularVelocity" : 0.57803547382354736,
  "cameraPoseARFrame" : [
    0.25491026043891907,
    0.92993855476379395,
    0.26501819491386414,
    0.0069779497571289539,
    -0.69818580150604248,
    -0.012610216625034809,
    0.71580547094345093,
    0.61624705791473389,
    0.66899710893630981,
    -0.36749812960624695,
    0.64605551958084106,
    0.45443397760391235,
    0,
    0,
    0,
    0.99999946355819702
  ],
  "cameraGrain" : 0.14280226826667786,
  "time" : 288310.42954312504,
  "frame_index" : 25,
  "exposureDuration" : 0.01666666753590107,
  "averageVelocity" : 0.42328527569770813
}