{
  "averageVelocity" : 0.14724157750606537,
  "cameraPoseARFrame" : [
    -0.16160714626312256,
    0.97113114595413208,
    -0.17546255886554718,
    -0.23267278075218201,
    -0.11449427902698517,
    0.15814818441867828,
    0.98075485229492188,
    0.64752614498138428,
    0.98019087314605713,
    0.17858648300170898,
    0.085631102323532104,
    0.10061176121234894,
    0,
    0,
    0,
    0.99999958276748657
  ],
  "averageAngularVelocity" : 0.3354145884513855,
  "cameraGrain" : 0.10204990953207016,
  "exposureDuration" : 0.01666666753590107,
  "intrinsics" : [
    1611.4451904296875,
    0,
    951.55426025390625,
    0,
    1611.4451904296875,
    720.63385009765625,
    0,
    0,
    1
  ],
  "frame_index" : 13,
  "time" : 288304.12692391674,
  "projectionMatrix" : [
    1.6785887479782104,
    0,
    0.008276820182800293,
    0,
    0,
    2.2381184101104736,
    0.0015748143196105957,
    0,
    0,
    0,
    -0.9999997615814209,
    -0.00099999981466680765,
    0,
    0,
    -1,
    0
  ],
  "motionQuality" : 0.90416723489761353
}