{
  "projectionMatrix" : [
    1.6597594022750854,
    0,
    0.0099251270294189453,
    0,
    0,
    2.2130124568939209,
    0.001717686653137207,
    0,
    0,
    0,
    -0.9999997615814209,
    -0.00099999981466680765,
    0,
    0,
    -1,
    0
  ],
  "averageAngularVelocity" : 0,
  "motionQuality" : 0.97642886638641357,
  "cameraGrain" : 0.13969661295413971,
  "averageVelocity" : 0.082498900592327118,
  "intrinsics" : [
    1593.3690185546875,
    0,
    949.97186279296875,
    0,
    1593.3690185546875,
    720.73675537109375,
    0,
    0,
    1
  ],
  "time" : 288320.46713783342,
  "exposureDuration" : 0.01666666753590107,
  "cameraPoseARFrame" : [
    -0.028741644695401192,
    0.99839359521865845,
    -0.048824917525053024,
    -0.17996954917907715,
    -0.79664069414138794,
    0.0066244471818208694,
    0.6044166088104248,
    0.33442792296409607,
    0.60376930236816406,
    0.056267876178026199,
    0.79517066478729248,
    0.44649022817611694,
    0,
    0,
    0,
    0.99999958276748657
  ],
  "frame_index" : 44
}