{
  "motionQuality" : 0.98131680488586426,
  "frame_index" : 48,
  "time" : 288322.56786058343,
  "cameraPoseARFrame" : [
    -0.091579467058181763,
    0.98549932241439819,
    -0.14284265041351318,
    -0.036505009979009628,
    -0.79837703704833984,
    0.013068092986941338,
    0.6020159125328064,
    0.33426287770271301,
    0.5951530933380127,
    0.16917459666728973,
    0.78560334444046021,
    0.4674411416053772,
    0,
    0,
    0,
    0.99999958276748657
  ],
  "intrinsics" : [
    1593.8209228515625,
    0,
    949.9691162109375,
    0,
    1593.8209228515625,
    720.730224609375,
    0,
    0,
    1
  ],
  "cameraGrain" : 0.16063298285007477,
  "exposureDuration" : 0.01666666753590107,
  "projectionMatrix" : [
    1.6602301597595215,
    0,
    0.0099279880523681641,
    0,
    0,
    2.2136402130126953,
    0.0017086267471313477,
    0,
    0,
    0,
    -0.9999997615814209,
    -0.00099999981466680765,
    0,
    0,
    -1,
    0
  ],
  "averageAngularVelocity" : 0.051442801952362061,
  "averageVelocity" : 0
}