{
  "exposureDuration" : 0.01666666753590107,
  "motionQuality" : 0.9775884747505188,
  "frame_index" : 39,
  "projectionMatrix" : [
    1.661171555519104,
    0,
    0.010071873664855957,
    0,
    0,
    2.214895486831665,
    0.0016626715660095215,
    0,
    0,
    0,
    -0.9999997615814209,
    -0.00099999981466680765,
    0,
    0,
    -1,
    0
  ],
  "averageVelocity" : 0.078440412878990173,
  "cameraPoseARFrame" : [
    -0.033658489584922791,
    0.99302327632904053,
    -0.11301128566265106,
    -0.20529352128505707,
    -0.87412184476852417,
    0.025570958852767944,
    0.4850328266620636,
    0.50412100553512573,
    0.48453876376152039,
    0.11511111259460449,
    0.86716294288635254,
    0.8921164870262146,
    0,
    0,
    0,
    0.99999958276748657
  ],
  "averageAngularVelocity" : 0.037323944270610809,
  "cameraGrain" : 0.13031436502933502,
  "time" : 288317.79924004176,
  "intrinsics" : [
    1594.7247314453125,
    0,
    949.83099365234375,
    0,
    1594.7247314453125,
    720.6971435546875,
    0,
    0,
    1
  ]
}