{
  "time" : 288330.50464579172,
  "projectionMatrix" : [
    1.6823545694351196,
    0,
    0.010023534297943115,
    0,
    0,
    2.2431395053863525,
    0.0016807317733764648,
    0,
    0,
    0,
    -0.9999997615814209,
    -0.00099999981466680765,
    0,
    0,
    -1,
    0
  ],
  "cameraPoseARFrame" : [
    -0.064860358834266663,
    0.98707371950149536,
    -0.1465543657541275,
    -0.14857642352581024,
    -0.8481062650680542,
    0.022863039746880531,
    0.52933239936828613,
    0.37402990460395813,
    0.52584093809127808,
    0.15862643718719482,
    0.83566063642501831,
    0.56529635190963745,
    0,
    0,
    0,
    0.99999958276748657
  ],
  "cameraGrain" : 0.14830230176448822,
  "motionQuality" : 0.95169550180435181,
  "frame_index" : 63,
  "exposureDuration" : 0.01666666753590107,
  "intrinsics" : [
    1615.0604248046875,
    0,
    949.87738037109375,
    0,
    1615.0604248046875,
    720.71014404296875,
    0,
    0,
    1
  ],
  "averageAngularVelocity" : 0.1690656989812851,
  "averageVelocity" : 0.1540922075510025
}