{
  "exposureDuration" : 0.01666666753590107,
  "motionQuality" : 0.7933967113494873,
  "frame_index" : 37,
  "projectionMatrix" : [
    1.6748229265213013,
    0,
    0.0099480152130126953,
    0,
    0,
    2.2330970764160156,
    0.0016238689422607422,
    0,
    0,
    0,
    -0.9999997615814209,
    -0.00099999981466680765,
    0,
    0,
    -1,
    0
  ],
  "averageVelocity" : 0.19732952117919922,
  "cameraPoseARFrame" : [
    -0.033378861844539642,
    0.98953342437744141,
    -0.14038927853107452,
    -0.19139520823955536,
    -0.81492435932159424,
    0.054373979568481445,
    0.57701081037521362,
    0.4339432418346405,
    0.57860511541366577,
    0.13366664946079254,
    0.80458015203475952,
    0.58875608444213867,
    0,
    0,
    0,
    0.99999946355819702
  ],
  "averageAngularVelocity" : 0.72311151027679443,
  "cameraGrain" : 0.14348499476909637,
  "time" : 288316.73379425006,
  "intrinsics" : [
    1607.8299560546875,
    0,
    949.94989013671875,
    0,
    1607.8299560546875,
    720.669189453125,
    0,
    0,
    1
  ]
}