{
  "frame_index" : 33,
  "cameraPoseARFrame" : [
    -0.54090774059295654,
    0.72018903493881226,
    -0.43444940447807312,
    -0.48727405071258545,
    -0.65435147285461426,
    -0.035804253071546555,
    0.75534224510192871,
    0.46644017100334167,
    0.528434157371521,
    0.69285327196121216,
    0.49062362313270569,
    0.23486191034317017,
    0,
    0,
    0,
    0.99999958276748657
  ],
  "averageAngularVelocity" : 0.40376076102256775,
  "motionQuality" : 0.88463979959487915,
  "averageVelocity" : 0.14351838827133179,
  "exposureDuration" : 0.01666666753590107,
  "projectionMatrix" : [
    1.6691740751266479,
    0,
    0.0096194744110107422,
    0,
    0,
    2.2255654335021973,
    0.0018250942230224609,
    0,
    0,
    0,
    -0.9999997615814209,
    -0.00099999981466680765,
    0,
    0,
    -1,
    0
  ],
  "time" : 288314.66483425006,
  "cameraGrain" : 0.12665896117687225,
  "intrinsics" : [
    1602.4071044921875,
    0,
    950.26531982421875,
    0,
    1602.4071044921875,
    720.8140869140625,
    0,
    0,
    1
  ]
}