{
  "averageAngularVelocity" : 0.20214159786701202,
  "cameraGrain" : 0.15128108859062195,
  "exposureDuration" : 0.01666666753590107,
  "motionQuality" : 0.9422452449798584,
  "averageVelocity" : 0.097044415771961212,
  "frame_index" : 53,
  "intrinsics" : [
    1614.6085205078125,
    0,
    949.92401123046875,
    0,
    1614.6085205078125,
    720.86688232421875,
    0,
    0,
    1
  ],
  "time" : 288325.20233250008,
  "cameraPoseARFrame" : [
    0.029335668310523033,
    0.97900068759918213,
    0.2017345130443573,
    0.084587782621383667,
    -0.82569766044616699,
    -0.090010732412338257,
    0.55688518285751343,
    0.334524005651474,
    0.56334942579269409,
    -0.18290829658508301,
    0.80571818351745605,
    0.46996867656707764,
    0,
    0,
    0,
    0.99999958276748657
  ],
  "projectionMatrix" : [
    1.6818839311599731,
    0,
    0.0099750161170959473,
    0,
    0,
    2.2425117492675781,
    0.0018984675407409668,
    0,
    0,
    0,
    -0.9999997615814209,
    -0.00099999981466680765,
    0,
    0,
    -1,
    0
  ]
}