{
  "averageVelocity" : 0.2357107549905777,
  "cameraPoseARFrame" : [
    -0.025776578113436699,
    0.99934512376785278,
    -0.025388006120920181,
    -0.066542543470859528,
    -0.86094647645950317,
    -0.0092857358977198601,
    0.50861048698425293,
    0.6040196418762207,
    0.50804179906845093,
    0.034967955201864243,
    0.86062216758728027,
    0.47747355699539185,
    0,
    0,
    0,
    0.99999946355819702
  ],
  "averageAngularVelocity" : 0.29792672395706177,
  "cameraGrain" : 0.13400475680828094,
  "exposureDuration" : 0.01666666753590107,
  "intrinsics" : [
    1603.7628173828125,
    0,
    949.86688232421875,
    0,
    1603.7628173828125,
    720.7427978515625,
    0,
    0,
    1
  ],
  "frame_index" : 18,
  "time" : 288306.73000695842,
  "motionQuality" : 0.91487807035446167,
  "projectionMatrix" : [
    1.6705862283706665,
    0,
    0.010034501552581787,
    0,
    0,
    2.2274484634399414,
    0.0017260909080505371,
    0,
    0,
    0,
    -0.9999997615814209,
    -0.00099999981466680765,
    0,
    0,
    -1,
    0
  ]
}