{
  "motionQuality" : 0.85237932205200195,
  "averageAngularVelocity" : 0.51667225360870361,
  "cameraPoseARFrame" : [
    -0.45295026898384094,
    0.78405606746673584,
    -0.4243723452091217,
    -0.42908495664596558,
    -0.72336632013320923,
    -0.044967524707317352,
    0.68899857997894287,
    0.51104480028152466,
    0.52113056182861328,
    0.61905872821807861,
    0.58752787113189697,
    0.3744434118270874,
    0,
    0,
    0,
    0.99999958276748657
  ],
  "averageVelocity" : 0.37005773186683655,
  "time" : 288315.19823100005,
  "exposureDuration" : 0.01666666753590107,
  "cameraGrain" : 0.11609780788421631,
  "projectionMatrix" : [
    1.669644832611084,
    0,
    0.0097681879997253418,
    0,
    0,
    2.2261929512023926,
    0.0018219947814941406,
    0,
    0,
    0,
    -0.9999997615814209,
    -0.00099999981466680765,
    0,
    0,
    -1,
    0
  ],
  "intrinsics" : [
    1602.8590087890625,
    0,
    950.12255859375,
    0,
    1602.8590087890625,
    720.81182861328125,
    0,
    0,
    1
  ],
  "frame_index" : 34
}