{
  "averageVelocity" : 0.16028605401515961,
  "cameraPoseARFrame" : [
    -0.12104367464780807,
    0.9888761043548584,
    -0.086441569030284882,
    -0.16814558207988739,
    -0.22354301810264587,
    0.057689633220434189,
    0.97298520803451538,
    0.66152489185333252,
    0.96714878082275391,
    0.13709715008735657,
    0.21407343447208405,
    0.15359851717948914,
    0,
    0,
    0,
    0.99999958276748657
  ],
  "averageAngularVelocity" : 0.34925514459609985,
  "cameraGrain" : 0.085487805306911469,
  "exposureDuration" : 0.01666666753590107,
  "intrinsics" : [
    1611.4451904296875,
    0,
    951.27362060546875,
    0,
    1611.4451904296875,
    720.75341796875,
    0,
    0,
    1
  ],
  "frame_index" : 12,
  "time" : 288303.59345616674,
  "projectionMatrix" : [
    1.6785887479782104,
    0,
    0.0085691213607788086,
    0,
    0,
    2.2381184101104736,
    0.001740872859954834,
    0,
    0,
    0,
    -0.9999997615814209,
    -0.00099999981466680765,
    0,
    0,
    -1,
    0
  ],
  "motionQuality" : 0.90021282434463501
}