{
  "projectionMatrix" : [
    1.6752935647964478,
    0,
    0.010080695152282715,
    0,
    0,
    2.23372483253479,
    0.0017477273941040039,
    0,
    0,
    0,
    -0.9999997615814209,
    -0.00099999981466680765,
    0,
    0,
    -1,
    0
  ],
  "averageVelocity" : 0.38277867436408997,
  "averageAngularVelocity" : 0.12892992794513702,
  "cameraPoseARFrame" : [
    -0.062042668461799622,
    0.99529904127120972,
    -0.074363715946674347,
    -0.18045240640640259,
    -0.88288843631744385,
    -0.019982438534498215,
    0.46915701031684875,
    0.49295833706855774,
    0.46546566486358643,
    0.094762623310089111,
    0.8799780011177063,
    0.77732044458389282,
    0,
    0,
    0,
    0.99999946355819702
  ],
  "time" : 288317.26593175007,
  "motionQuality" : 0.89063465595245361,
  "frame_index" : 38,
  "intrinsics" : [
    1608.2818603515625,
    0,
    949.822509765625,
    0,
    1608.2818603515625,
    720.75836181640625,
    0,
    0,
    1
  ],
  "cameraGrain" : 0.13147790729999542,
  "exposureDuration" : 0.01666666753590107
}