{
  "projectionMatrix" : [
    1.6602301597595215,
    0,
    0.0099380612373352051,
    0,
    0,
    2.2136402130126953,
    0.0017080307006835938,
    0,
    0,
    0,
    -0.9999997615814209,
    -0.00099999981466680765,
    0,
    0,
    -1,
    0
  ],
  "averageAngularVelocity" : 0.060271754860877991,
  "motionQuality" : 0.9796709418296814,
  "cameraGrain" : 0.1485273689031601,
  "averageVelocity" : 0.071151785552501678,
  "intrinsics" : [
    1593.8209228515625,
    0,
    949.95947265625,
    0,
    1593.8209228515625,
    720.72979736328125,
    0,
    0,
    1
  ],
  "time" : 288320.96926566673,
  "exposureDuration" : 0.01666666753590107,
  "cameraPoseARFrame" : [
    -0.031754229217767715,
    0.99754124879837036,
    -0.062472324818372726,
    -0.14612545073032379,
    -0.80352962017059326,
    0.011693644337356091,
    0.59514975547790527,
    0.33737996220588684,
    0.59441715478897095,
    0.069096915423870087,
    0.80118268728256226,
    0.45103743672370911,
    0,
    0,
    0,
    0.99999958276748657
  ],
  "frame_index" : 45
}