{
  "averageAngularVelocity" : 0.15528559684753418,
  "cameraGrain" : 0.14998587965965271,
  "exposureDuration" : 0.01666666753590107,
  "motionQuality" : 0.95563268661499023,
  "averageVelocity" : 0.13468481600284576,
  "frame_index" : 58,
  "time" : 288327.83669116674,
  "intrinsics" : [
    1615.0604248046875,
    0,
    949.9105224609375,
    0,
    1615.0604248046875,
    720.63983154296875,
    0,
    0,
    1
  ],
  "cameraPoseARFrame" : [
    -0.16507567465305328,
    0.90758037567138672,
    -0.38606658577919006,
    -0.15925700962543488,
    -0.83176285028457642,
    0.082249678671360016,
    0.54900377988815308,
    0.3302026093006134,
    0.53001910448074341,
    0.41174307465553284,
    0.74131441116333008,
    0.46854513883590698,
    0,
    0,
    0,
    0.99999946355819702
  ],
  "projectionMatrix" : [
    1.6823545694351196,
    0,
    0.0099890232086181641,
    0,
    0,
    2.2431395053863525,
    0.001583099365234375,
    0,
    0,
    0,
    -0.9999997615814209,
    -0.00099999981466680765,
    0,
    0,
    -1,
    0
  ]
}