{
  "averageVelocity" : 0,
  "cameraPoseARFrame" : [
    -0.046643689274787903,
    0.98658883571624756,
    -0.15641786158084869,
    -0.20724469423294067,
    -0.90094852447509766,
    0.026077203452587128,
    0.43314135074615479,
    0.4203590452671051,
    0.43141147494316101,
    0.16112777590751648,
    0.88764959573745728,
    0.69794493913650513,
    0,
    0,
    0,
    0.99999958276748657
  ],
  "averageAngularVelocity" : 0,
  "cameraGrain" : 0.13055458664894104,
  "exposureDuration" : 0.01666666753590107,
  "intrinsics" : [
    1600.5994873046875,
    0,
    949.79296875,
    0,
    1600.5994873046875,
    720.69189453125,
    0,
    0,
    1
  ],
  "frame_index" : 2,
  "time" : 288298.25796108338,
  "projectionMatrix" : [
    1.6672911643981934,
    0,
    0.010111510753631592,
    0,
    0,
    2.2230548858642578,
    0.0016553997993469238,
    0,
    0,
    0,
    -0.9999997615814209,
    -0.00099999981466680765,
    0,
    0,
    -1,
    0
  ],
  "motionQuality" : 0.99477237462997437
}