{
  "projectionMatrix" : [
    1.6705862283706665,
    0,
    0.0099540948867797852,
    0,
    0,
    2.2274484634399414,
    0.0017135739326477051,
    0,
    0,
    0,
    -0.9999997615814209,
    -0.00099999981466680765,
    0,
    0,
    -1,
    0
  ],
  "motionQuality" : 0.81961977481842041,
  "intrinsics" : [
    1603.7628173828125,
    0,
    949.944091796875,
    0,
    1603.7628173828125,
    720.7337646484375,
    0,
    0,
    1
  ],
  "averageAngularVelocity" : 0.63133072853088379,
  "cameraPoseARFrame" : [
    0.15870150923728943,
    0.96316033601760864,
    0.21710769832134247,
    0.10732080042362213,
    -0.81755226850509644,
    0.0049097915180027485,
    0.57583338022232056,
    0.59356594085693359,
    0.5535539984703064,
    -0.26888254284858704,
    0.78821313381195068,
    0.56133788824081421,
    0,
    0,
    0,
    0.99999958276748657
  ],
  "cameraGrain" : 0.13066160678863525,
  "frame_index" : 19,
  "time" : 288307.26175958337,
  "exposureDuration" : 0.01666666753590107,
  "averageVelocity" : 0.39372262358665466
}