{
  "averageVelocity" : 0.052819356322288513,
  "cameraPoseARFrame" : [
    -0.13758398592472076,
    0.97203683853149414,
    -0.19030147790908813,
    -0.28264829516410828,
    -0.069312483072280884,
    0.18220911920070648,
    0.98081368207931519,
    0.63400053977966309,
    0.98806190490722656,
    0.14813455939292908,
    0.04230523481965065,
    0.066689014434814453,
    0,
    0,
    0,
    0.99999958276748657
  ],
  "averageAngularVelocity" : 0.10180360823869705,
  "cameraGrain" : 0.13365070521831512,
  "exposureDuration" : 0.01666666753590107,
  "intrinsics" : [
    1611.4451904296875,
    0,
    951.67864990234375,
    0,
    1611.4451904296875,
    720.60394287109375,
    0,
    0,
    1
  ],
  "frame_index" : 14,
  "time" : 288304.66052079172,
  "motionQuality" : 0.97091323137283325,
  "projectionMatrix" : [
    1.6785887479782104,
    0,
    0.0081472396850585938,
    0,
    0,
    2.2381184101104736,
    0.0015332698822021484,
    0,
    0,
    0,
    -0.9999997615814209,
    -0.00099999981466680765,
    0,
    0,
    -1,
    0
  ]
}