{
  "exposureDuration" : 0.01666666753590107,
  "frame_index" : 36,
  "motionQuality" : 0.9022061824798584,
  "projectionMatrix" : [
    1.6625838279724121,
    0,
    0.0097866058349609375,
    0,
    0,
    2.2167782783508301,
    0.0016937851905822754,
    0,
    0,
    0,
    -0.9999997615814209,
    -0.00099999981466680765,
    0,
    0,
    -1,
    0
  ],
  "averageVelocity" : 0.27212721109390259,
  "cameraPoseARFrame" : [
    -0.11672546714544296,
    0.98012363910675049,
    -0.16041406989097595,
    -0.25352919101715088,
    -0.73236382007598877,
    0.024153944104909897,
    0.68048495054244995,
    0.51385760307312012,
    0.67083406448364258,
    0.19691137969493866,
    0.71498775482177734,
    0.56359875202178955,
    0,
    0,
    0,
    0.99999970197677612
  ],
  "averageAngularVelocity" : 0.34227839112281799,
  "cameraGrain" : 0.1410820484161377,
  "time" : 288316.23191858339,
  "intrinsics" : [
    1596.0804443359375,
    0,
    950.1048583984375,
    0,
    1596.0804443359375,
    720.71954345703125,
    0,
    0,
    1
  ]
}