{
  "projectionMatrix" : [
    1.6687033176422119,
    0,
    0.009739220142364502,
    0,
    0,
    2.2249376773834229,
    0.0017067790031433105,
    0,
    0,
    0,
    -0.9999997615814209,
    -0.00099999981466680765,
    0,
    0,
    -1,
    0
  ],
  "motionQuality" : 0.85878127813339233,
  "intrinsics" : [
    1601.9552001953125,
    0,
    950.15032958984375,
    0,
    1601.9552001953125,
    720.7288818359375,
    0,
    0,
    1
  ],
  "averageAngularVelocity" : 0.49426549673080444,
  "cameraPoseARFrame" : [
    0.63124412298202515,
    0.46297261118888855,
    0.62224352359771729,
    0.4112548828125,
    -0.71454006433486938,
    0.035167142748832703,
    0.69870990514755249,
    0.62128967046737671,
    0.30160108208656311,
    -0.88567441701889038,
    0.35301154851913452,
    0.29236328601837158,
    0,
    0,
    0,
    0.99999958276748657
  ],
  "cameraGrain" : 0.11163711547851562,
  "time" : 288309.39575866674,
  "frame_index" : 23,
  "exposureDuration" : 0.01666666753590107,
  "averageVelocity" : 0.41025540232658386
}