{
  "projectionMatrix" : [
    1.6752935647964478,
    0,
    0.0095499753952026367,
    0,
    0,
    2.23372483253479,
    0.0018088221549987793,
    0,
    0,
    0,
    -0.9999997615814209,
    -0.00099999981466680765,
    0,
    0,
    -1,
    0
  ],
  "motionQuality" : 0.96740293502807617,
  "intrinsics" : [
    1608.2818603515625,
    0,
    950.33203125,
    0,
    1608.2818603515625,
    720.8023681640625,
    0,
    0,
    1
  ],
  "averageAngularVelocity" : 0.089292086660861969,
  "cameraPoseARFrame" : [
    -0.64209192991256714,
    0.59225600957870483,
    -0.48677554726600647,
    -0.51698875427246094,
    -0.61841225624084473,
    -0.024879250675439835,
    0.78545975685119629,
    0.49117830395698547,
    0.45308268070220947,
    0.80536550283432007,
    0.38223320245742798,
    0.26294565200805664,
    0,
    0,
    0,
    0.99999958276748657
  ],
  "cameraGrain" : 0.12002372741699219,
  "time" : 288313.06602129171,
  "frame_index" : 30,
  "exposureDuration" : 0.01666666753590107,
  "averageVelocity" : 0.1140897274017334
}