{
  "time" : 288331.57151800004,
  "projectionMatrix" : [
    1.6705862283706665,
    0,
    0.010001897811889648,
    0,
    0,
    2.2274484634399414,
    0.0017247796058654785,
    0,
    0,
    0,
    -0.9999997615814209,
    -0.00099999981466680765,
    0,
    0,
    -1,
    0
  ],
  "cameraPoseARFrame" : [
    -0.063043542206287384,
    0.99212539196014404,
    -0.10822313278913498,
    -0.095366030931472778,
    -0.83645445108413696,
    0.0066249724477529526,
    0.54799604415893555,
    0.3858814537525177,
    0.54439800977706909,
    0.12507140636444092,
    0.82945030927658081,
    0.62233412265777588,
    0,
    0,
    0,
    0.99999958276748657
  ],
  "cameraGrain" : 0.15041144192218781,
  "motionQuality" : 0.96952170133590698,
  "frame_index" : 65,
  "exposureDuration" : 0.01666666753590107,
  "intrinsics" : [
    1603.7628173828125,
    0,
    949.898193359375,
    0,
    1603.7628173828125,
    720.7418212890625,
    0,
    0,
    1
  ],
  "averageAngularVelocity" : 0,
  "averageVelocity" : 0.10667409747838974
}