{
  "averageVelocity" : 0.12187673151493073,
  "cameraPoseARFrame" : [
    -0.041687324643135071,
    0.98777061700820923,
    -0.1502373218536377,
    -0.20819267630577087,
    -0.8767249584197998,
    0.035952154546976089,
    0.4796464741230011,
    0.41356661915779114,
    0.47918206453323364,
    0.15171201527118683,
    0.86450451612472534,
    0.67428308725357056,
    0,
    0,
    0,
    0.99999958276748657
  ],
  "averageAngularVelocity" : 0.2082875519990921,
  "cameraGrain" : 0.13581085205078125,
  "exposureDuration" : 0.01666666753590107,
  "intrinsics" : [
    1600.1475830078125,
    0,
    949.8299560546875,
    0,
    1600.1475830078125,
    720.6842041015625,
    0,
    0,
    1
  ],
  "frame_index" : 7,
  "time" : 288300.9275874584,
  "projectionMatrix" : [
    1.6668204069137573,
    0,
    0.010072946548461914,
    0,
    0,
    2.2224271297454834,
    0.0016447305679321289,
    0,
    0,
    0,
    -0.9999997615814209,
    -0.00099999981466680765,
    0,
    0,
    -1,
    0
  ],
  "motionQuality" : 0.94048929214477539
}