{
  "frame_index" : 35,
  "cameraPoseARFrame" : [
    -0.21881929039955139,
    0.95579880475997925,
    -0.19638371467590332,
    -0.32836252450942993,
    -0.74689680337905884,
    -0.034555926918983459,
    0.66404134035110474,
    0.52303057909011841,
    0.62790375947952271,
    0.29198354482650757,
    0.72144460678100586,
    0.5045199990272522,
    0,
    0,
    0,
    0.99999958276748657
  ],
  "averageAngularVelocity" : 0.10961358994245529,
  "motionQuality" : 0.93091040849685669,
  "averageVelocity" : 0.24181364476680756,
  "exposureDuration" : 0.01666666753590107,
  "projectionMatrix" : [
    1.67011559009552,
    0,
    0.0098171830177307129,
    0,
    0,
    2.226820707321167,
    0.0018025636672973633,
    0,
    0,
    0,
    -0.9999997615814209,
    -0.00099999981466680765,
    0,
    0,
    -1,
    0
  ],
  "time" : 288315.70007458341,
  "cameraGrain" : 0.12665896117687225,
  "intrinsics" : [
    1603.3109130859375,
    0,
    950.07550048828125,
    0,
    1603.3109130859375,
    720.7978515625,
    0,
    0,
    1
  ]
}