{
  "averageAngularVelocity" : 0,
  "cameraPoseARFrame" : [
    -0.052336275577545166,
    0.98618525266647339,
    -0.15715996921062469,
    -0.20372655987739563,
    -0.90368932485580444,
    0.020202483981847763,
    0.42771157622337341,
    0.42089489102363586,
    0.42497798800468445,
    0.16440863907337189,
    0.89014792442321777,
    0.69620257616043091,
    0,
    0,
    0,
    0.99999958276748657
  ],
  "cameraGrain" : 0.12983779609203339,
  "time" : 288297.19092629175,
  "exposureDuration" : 0.01666666753590107,
  "motionQuality" : 1,
  "frame_index" : 0,
  "intrinsics" : [
    1600.5994873046875,
    0,
    949.7884521484375,
    0,
    1600.5994873046875,
    720.69561767578125,
    0,
    0,
    1
  ],
  "averageVelocity" : 0,
  "projectionMatrix" : [
    1.6672911643981934,
    0,
    0.010116219520568848,
    0,
    0,
    2.2230548858642578,
    0.0016605854034423828,
    0,
    0,
    0,
    -0.9999997615814209,
    -0.00099999981466680765,
    0,
    0,
    -1,
    0
  ]
}