{
  "projectionMatrix" : [
    1.6687033176422119,
    0,
    0.0097339153289794922,
    0,
    0,
    2.2249376773834229,
    0.0016801357269287109,
    0,
    0,
    0,
    -0.9999997615814209,
    -0.00099999981466680765,
    0,
    0,
    -1,
    0
  ],
  "motionQuality" : 0.82219165563583374,
  "intrinsics" : [
    1601.9552001953125,
    0,
    950.15545654296875,
    0,
    1601.9552001953125,
    720.709716796875,
    0,
    0,
    1
  ],
  "averageAngularVelocity" : 0.62232917547225952,
  "cameraPoseARFrame" : [
    0.4723961353302002,
    0.76742911338806152,
    0.4334675669670105,
    0.2174348384141922,
    -0.71296954154968262,
    0.043582461774349213,
    0.69983917474746704,
    0.63793134689331055,
    0.51818549633026123,
    -0.63965052366256714,
    0.56774187088012695,
    0.47649979591369629,
    0,
    0,
    0,
    0.99999958276748657
  ],
  "cameraGrain" : 0.13084444403648376,
  "time" : 288309.89787262504,
  "frame_index" : 24,
  "exposureDuration" : 0.01666666753590107,
  "averageVelocity" : 0.41043072938919067
}