{
  "motionQuality" : 0.97633546590805054,
  "frame_index" : 50,
  "time" : 288323.6033694584,
  "intrinsics" : [
    1593.8209228515625,
    0,
    949.95654296875,
    0,
    1593.8209228515625,
    720.71319580078125,
    0,
    0,
    1
  ],
  "cameraPoseARFrame" : [
    -0.12705543637275696,
    0.96813035011291504,
    -0.2158244401216507,
    0.026191268116235733,
    -0.80545890331268311,
    0.026282472535967827,
    0.59206831455230713,
    0.34555700421333313,
    0.57887184619903564,
    0.24906328320503235,
    0.77645015716552734,
    0.49299776554107666,
    0,
    0,
    0,
    0.99999958276748657
  ],
  "cameraGrain" : 0.1115836575627327,
  "exposureDuration" : 0.01666666753590107,
  "projectionMatrix" : [
    1.6602301597595215,
    0,
    0.00994110107421875,
    0,
    0,
    2.2136402130126953,
    0.001685023307800293,
    0,
    0,
    0,
    -0.9999997615814209,
    -0.00099999981466680765,
    0,
    0,
    -1,
    0
  ],
  "averageAngularVelocity" : 0.082825832068920135,
  "averageVelocity" : 0.0546063631772995
}