{
  "frame_index" : 67,
  "time" : 288332.63863254176,
  "averageAngularVelocity" : 0.01889071986079216,
  "exposureDuration" : 0.01666666753590107,
  "averageVelocity" : 0.043421801179647446,
  "intrinsics" : [
    1603.7628173828125,
    0,
    949.8997802734375,
    0,
    1603.7628173828125,
    720.675537109375,
    0,
    0,
    1
  ],
  "cameraGrain" : 0.1462283581495285,
  "projectionMatrix" : [
    1.6705862283706665,
    0,
    0.010000228881835938,
    0,
    0,
    2.2274484634399414,
    0.0016326904296875,
    0,
    0,
    0,
    -0.9999997615814209,
    -0.00099999981466680765,
    0,
    0,
    -1,
    0
  ],
  "cameraPoseARFrame" : [
    -0.042154207825660706,
    0.98616534471511841,
    -0.16031438112258911,
    -0.17369894683361053,
    -0.83612930774688721,
    0.053013019263744354,
    0.54596441984176636,
    0.40558579564094543,
    0.54691004753112793,
    0.15705829858779907,
    0.8223271369934082,
    0.65855437517166138,
    0,
    0,
    0,
    0.99999958276748657
  ],
  "motionQuality" : 0.98759377002716064
}