{
  "averageAngularVelocity" : 0.34571045637130737,
  "cameraGrain" : 0.15796749293804169,
  "exposureDuration" : 0.01666666753590107,
  "motionQuality" : 0.90122556686401367,
  "averageVelocity" : 0.15112599730491638,
  "frame_index" : 57,
  "time" : 288327.30496491672,
  "projectionMatrix" : [
    1.6818839311599731,
    0,
    0.0099654793739318848,
    0,
    0,
    2.2425117492675781,
    0.0016092658042907715,
    0,
    0,
    0,
    -0.9999997615814209,
    -0.00099999981466680765,
    0,
    0,
    -1,
    0
  ],
  "cameraPoseARFrame" : [
    -0.086577482521533966,
    0.96618705987930298,
    -0.24287118017673492,
    -0.083739280700683594,
    -0.81887185573577881,
    0.069832019507884979,
    0.56971222162246704,
    0.33664718270301819,
    0.56740891933441162,
    0.24820461869239807,
    0.78513777256011963,
    0.47620826959609985,
    0,
    0,
    0,
    0.99999946355819702
  ],
  "intrinsics" : [
    1614.6085205078125,
    0,
    949.93316650390625,
    0,
    1614.6085205078125,
    720.65869140625,
    0,
    0,
    1
  ]
}