{
  "cameraGrain" : 0.2858397364616394,
  "motionQuality" : 1,
  "projectionMatrix" : [
    1.6743521690368652,
    0,
    0.010010302066802979,
    0,
    0,
    2.2324695587158203,
    0.0016517043113708496,
    0,
    0,
    0,
    -0.9999997615814209,
    -0.00099999981466680765,
    0,
    0,
    -1,
    0
  ],
  "intrinsics" : [
    1607.3780517578125,
    0,
    949.89013671875,
    0,
    1607.3780517578125,
    720.689208984375,
    0,
    0,
    1
  ],
  "averageVelocity" : 0,
  "frame_index" : 0,
  "time" : 189959.77167179171,
  "averageAngularVelocity" : 0,
  "exposureDuration" : 0.01666666753590107,
  "cameraPoseARFrame" : [
    -0.34072151780128479,
    0.73728197813034058,
    -0.58337277173995972,
    -0.32010030746459961,
    -0.83962380886077881,
    0.040563583374023438,
    0.54165154695510864,
    0.66204601526260376,
    0.42301362752914429,
    0.67436593770980835,
    0.60521870851516724,
    0.63934355974197388,
    0,
    0,
    0,
    0.9999995231628418
  ]
}