{
  "intrinsics" : [
    1602.8590087890625,
    0,
    949.7249755859375,
    0,
    1602.8590087890625,
    720.7725830078125,
    0,
    0,
    1
  ],
  "averageVelocity" : 0.31606298685073853,
  "motionQuality" : 0.83310014009475708,
  "time" : 189979.16332500003,
  "projectionMatrix" : [
    1.669644832611084,
    0,
    0.010182321071624756,
    0,
    0,
    2.2261929512023926,
    0.0017674565315246582,
    0,
    0,
    0,
    -0.9999997615814209,
    -0.00099999981466680765,
    0,
    0,
    -1,
    0
  ],
  "averageAngularVelocity" : 0.58414953947067261,
  "cameraPoseARFrame" : [
    -0.076296418905258179,
    0.92505717277526855,
    -0.37208545207977295,
    -0.045168910175561905,
    -0.99389588832855225,
    -0.040734939277172089,
    0.10252626985311508,
    0.30365192890167236,
    0.079685807228088379,
    0.37763649225234985,
    0.92251855134963989,
    0.78772830963134766,
    0,
    0,
    0,
    0.99999940395355225
  ],
  "exposureDuration" : 0.01666666753590107,
  "cameraGrain" : 0.38055947422981262,
  "frame_index" : 37
}