{
  "projectionMatrix" : [
    1.6795302629470825,
    0,
    0.010163545608520508,
    0,
    0,
    2.2393736839294434,
    0.0016858577728271484,
    0,
    0,
    0,
    -0.9999997615814209,
    -0.00099999981466680765,
    0,
    0,
    -1,
    0
  ],
  "frame_index" : 32,
  "averageVelocity" : 0.12302744388580322,
  "exposureDuration" : 0.01666666753590107,
  "cameraGrain" : 0.38603955507278442,
  "cameraPoseARFrame" : [
    0.17960187792778015,
    0.87131237983703613,
    0.45668104290962219,
    0.43983429670333862,
    -0.93774145841598511,
    0.011343680322170258,
    0.34714865684509277,
    0.46309447288513184,
    0.29729446768760681,
    -0.49059739708900452,
    0.81910306215286255,
    0.704764723777771,
    0,
    0,
    0,
    0.99999940395355225
  ],
  "motionQuality" : 0.85988163948059082,
  "averageAngularVelocity" : 0.49041417241096497,
  "intrinsics" : [
    1612.3489990234375,
    0,
    949.74298095703125,
    0,
    1612.3489990234375,
    720.71380615234375,
    0,
    0,
    1
  ],
  "time" : 189976.56380908337
}