{
  "frame_index" : 44,
  "cameraPoseARFrame" : [
    -0.46605908870697021,
    0.064484380185604095,
    -0.88240039348602295,
    -0.4238068163394928,
    -0.88241767883300781,
    0.038545671850442886,
    0.46888503432273865,
    0.47687482833862305,
    0.064248532056808472,
    0.99717378616333008,
    0.038937713950872421,
    0.20554976165294647,
    0,
    0,
    0,
    0.99999940395355225
  ],
  "exposureDuration" : 0.01666666753590107,
  "averageVelocity" : 0.17713893949985504,
  "time" : 189982.86625604171,
  "intrinsics" : [
    1597.8880615234375,
    0,
    949.82159423828125,
    0,
    1597.8880615234375,
    720.69268798828125,
    0,
    0,
    1
  ],
  "projectionMatrix" : [
    1.6644667387008667,
    0,
    0.010081648826599121,
    0,
    0,
    2.2192890644073486,
    0.0016565322875976562,
    0,
    0,
    0,
    -0.9999997615814209,
    -0.00099999981466680765,
    0,
    0,
    -1,
    0
  ],
  "cameraGrain" : 0.38315397500991821,
  "motionQuality" : 0.94938886165618896,
  "averageAngularVelocity" : 0.031179232522845268
}