{
  "frame_index" : 42,
  "cameraPoseARFrame" : [
    -0.3299534022808075,
    0.22272855043411255,
    -0.91734528541564941,
    -0.45211198925971985,
    -0.93725323677062988,
    0.038656715303659439,
    0.34649968147277832,
    0.50607931613922119,
    0.11263692378997803,
    0.9741135835647583,
    0.19599820673465729,
    0.38596868515014648,
    0,
    0,
    0,
    0.99999940395355225
  ],
  "exposureDuration" : 0.01666666753590107,
  "averageVelocity" : 0.09547029435634613,
  "time" : 189981.79749300005,
  "intrinsics" : [
    1601.0513916015625,
    0,
    949.7420654296875,
    0,
    1601.0513916015625,
    720.681884765625,
    0,
    0,
    1
  ],
  "projectionMatrix" : [
    1.6677619218826294,
    0,
    0.010164499282836914,
    0,
    0,
    2.2236824035644531,
    0.0016415119171142578,
    0,
    0,
    0,
    -0.9999997615814209,
    -0.00099999981466680765,
    0,
    0,
    -1,
    0
  ],
  "cameraGrain" : 0.37807443737983704,
  "motionQuality" : 0.95798015594482422,
  "averageAngularVelocity" : 0.14706937968730927
}