{
  "cameraGrain" : 0.31144264340400696,
  "motionQuality" : 0.95102345943450928,
  "projectionMatrix" : [
    1.6578764915466309,
    0,
    0.0099374651908874512,
    0,
    0,
    2.2105019092559814,
    0.0017882585525512695,
    0,
    0,
    0,
    -0.9999997615814209,
    -0.00099999981466680765,
    0,
    0,
    -1,
    0
  ],
  "intrinsics" : [
    1591.5614013671875,
    0,
    949.96002197265625,
    0,
    1591.5614013671875,
    720.78753662109375,
    0,
    0,
    1
  ],
  "averageVelocity" : 0.0758814737200737,
  "frame_index" : 24,
  "time" : 189972.36212295838,
  "averageAngularVelocity" : 0.17141799628734589,
  "exposureDuration" : 0.01666666753590107,
  "cameraPoseARFrame" : [
    0.58597093820571899,
    0.098699130117893219,
    0.80429863929748535,
    0.61425882577896118,
    -0.80653589963912964,
    -0.024923549965023994,
    0.59065943956375122,
    0.59280002117156982,
    0.078343503177165985,
    -0.99480491876602173,
    0.064999848604202271,
    0.24173831939697266,
    0,
    0,
    0,
    0.99999940395355225
  ]
}