{
  "cameraGrain" : 0.27834087610244751,
  "motionQuality" : 0.96222692728042603,
  "projectionMatrix" : [
    1.6583472490310669,
    0,
    0.00995635986328125,
    0,
    0,
    2.2111296653747559,
    0.001810908317565918,
    0,
    0,
    0,
    -0.9999997615814209,
    -0.00099999981466680765,
    0,
    0,
    -1,
    0
  ],
  "intrinsics" : [
    1592.0133056640625,
    0,
    949.94189453125,
    0,
    1592.0133056640625,
    720.8038330078125,
    0,
    0,
    1
  ],
  "averageVelocity" : 0,
  "frame_index" : 25,
  "time" : 189972.89511370836,
  "averageAngularVelocity" : 0.13220568001270294,
  "exposureDuration" : 0.01666666753590107,
  "cameraPoseARFrame" : [
    0.57760810852050781,
    0.0040485183708369732,
    0.81630414724349976,
    0.61801296472549438,
    -0.8156430721282959,
    -0.037679996341466904,
    0.57732725143432617,
    0.59047418832778931,
    0.033095605671405792,
    -0.99928158521652222,
    -0.018462192267179489,
    0.21091628074645996,
    0,
    0,
    0,
    0.9999995231628418
  ]
}