{
  "projectionMatrix" : [
    1.680000901222229,
    0,
    0.010195016860961914,
    0,
    0,
    2.2400012016296387,
    0.0017118453979492188,
    0,
    0,
    0,
    -0.9999997615814209,
    -0.00099999981466680765,
    0,
    0,
    -1,
    0
  ],
  "frame_index" : 33,
  "averageVelocity" : 0.26314744353294373,
  "exposureDuration" : 0.01666666753590107,
  "cameraGrain" : 0.39013180136680603,
  "cameraPoseARFrame" : [
    0.06390717625617981,
    0.95753306150436401,
    0.28115138411521912,
    0.34670931100845337,
    -0.96955037117004395,
    -0.0071652792394161224,
    0.24478700757026672,
    0.39160335063934326,
    0.23640619218349457,
    -0.28823414444923401,
    0.92791861295700073,
    0.72505074739456177,
    0,
    0,
    0,
    0.99999940395355225
  ],
  "motionQuality" : 0.92148840427398682,
  "averageAngularVelocity" : 0.27479052543640137,
  "intrinsics" : [
    1612.8009033203125,
    0,
    949.7127685546875,
    0,
    1612.8009033203125,
    720.7325439453125,
    0,
    0,
    1
  ],
  "time" : 189977.09555683337
}