{
  "time" : 189968.65937712503,
  "cameraPoseARFrame" : [
    0.14281006157398224,
    0.9505763053894043,
    0.27569785714149475,
    0.28277459740638733,
    -0.81873524188995361,
    -0.043056376278400421,
    0.57255434989929199,
    0.60662448406219482,
    0.55612730979919434,
    -0.30749017000198364,
    0.7721216082572937,
    0.6647263765335083,
    0,
    0,
    0,
    0.9999992847442627
  ],
  "projectionMatrix" : [
    1.6578764915466309,
    0,
    0.0099626779556274414,
    0,
    0,
    2.2105019092559814,
    0.001809239387512207,
    0,
    0,
    0,
    -0.9999997615814209,
    -0.00099999981466680765,
    0,
    0,
    -1,
    0
  ],
  "motionQuality" : 0.92075091600418091,
  "frame_index" : 17,
  "intrinsics" : [
    1591.5614013671875,
    0,
    949.93585205078125,
    0,
    1591.5614013671875,
    720.80267333984375,
    0,
    0,
    1
  ],
  "averageVelocity" : 0.2441505491733551,
  "cameraGrain" : 0.26424852013587952,
  "averageAngularVelocity" : 0.27737182378768921,
  "exposureDuration" : 0.01666666753590107
}