{
  "time" : 189969.1606604167,
  "cameraPoseARFrame" : [
    0.27330836653709412,
    0.88651579618453979,
    0.37335234880447388,
    0.33767202496528625,
    -0.80143630504608154,
    -0.0047918562777340412,
    0.59806078672409058,
    0.5917128324508667,
    0.53197944164276123,
    -0.4626731276512146,
    0.70917636156082153,
    0.58752667903900146,
    0,
    0,
    0,
    0.99999940395355225
  ],
  "projectionMatrix" : [
    1.6574057340621948,
    0,
    0.0099294781684875488,
    0,
    0,
    2.2098743915557861,
    0.0017451047897338867,
    0,
    0,
    0,
    -0.9999997615814209,
    -0.00099999981466680765,
    0,
    0,
    -1,
    0
  ],
  "motionQuality" : 0.92902135848999023,
  "frame_index" : 18,
  "intrinsics" : [
    1591.1094970703125,
    0,
    949.96771240234375,
    0,
    1591.1094970703125,
    720.7564697265625,
    0,
    0,
    1
  ],
  "averageVelocity" : 0.16283196210861206,
  "cameraGrain" : 0.2747950553894043,
  "averageAngularVelocity" : 0.24842515587806702,
  "exposureDuration" : 0.01666666753590107
}