{
  "projectionMatrix" : [
    1.6583472490310669,
    0,
    0.010007083415985107,
    0,
    0,
    2.2111296653747559,
    0.0016927719116210938,
    0,
    0,
    0,
    -0.9999997615814209,
    -0.00099999981466680765,
    0,
    0,
    -1,
    0
  ],
  "cameraPoseARFrame" : [
    -0.47323757410049438,
    0.47642174363136292,
    -0.74099123477935791,
    -0.48303660750389099,
    -0.83682036399841309,
    0.019725745543837547,
    0.54712188243865967,
    0.64480352401733398,
    0.27527743577957153,
    0.87899523973464966,
    0.38934451341629028,
    0.48268535733222961,
    0,
    0,
    0,
    0.9999992847442627
  ],
  "motionQuality" : 0.93752151727676392,
  "intrinsics" : [
    1592.0133056640625,
    0,
    949.8931884765625,
    0,
    1592.0133056640625,
    720.71881103515625,
    0,
    0,
    1
  ],
  "cameraGrain" : 0.25204771757125854,
  "averageAngularVelocity" : 0.21867465972900391,
  "time" : 189963.45829829172,
  "frame_index" : 7,
  "averageVelocity" : 0.13532841205596924,
  "exposureDuration" : 0.01666666753590107
}