{
  "cameraGrain" : 0.24333621561527252,
  "motionQuality" : 0.98973792791366577,
  "projectionMatrix" : [
    1.6621130704879761,
    0,
    0.010006248950958252,
    0,
    0,
    2.2161507606506348,
    0.001627504825592041,
    0,
    0,
    0,
    -0.9999997615814209,
    -0.00099999981466680765,
    0,
    0,
    -1,
    0
  ],
  "intrinsics" : [
    1595.6285400390625,
    0,
    949.89398193359375,
    0,
    1595.6285400390625,
    720.67181396484375,
    0,
    0,
    1
  ],
  "averageVelocity" : 0,
  "frame_index" : 4,
  "time" : 189961.8576656667,
  "averageAngularVelocity" : 0.035917293280363083,
  "exposureDuration" : 0.01666666753590107,
  "cameraPoseARFrame" : [
    -0.3642679750919342,
    0.6863672137260437,
    -0.62945109605789185,
    -0.36457657814025879,
    -0.83739399909973145,
    0.054367206990718842,
    0.54388922452926636,
    0.66311967372894287,
    0.40752926468849182,
    0.72521990537643433,
    0.55495566129684448,
    0.6277504563331604,
    0,
    0,
    0,
    0.99999940395355225
  ]
}