{
  "intrinsics" : [
    1601.9552001953125,
    0,
    949.71368408203125,
    0,
    1601.9552001953125,
    720.7777099609375,
    0,
    0,
    1
  ],
  "averageVelocity" : 0.24832920730113983,
  "motionQuality" : 0.84546965360641479,
  "time" : 189980.2300319167,
  "projectionMatrix" : [
    1.6687033176422119,
    0,
    0.010194063186645508,
    0,
    0,
    2.2249376773834229,
    0.0017746090888977051,
    0,
    0,
    0,
    -0.9999997615814209,
    -0.00099999981466680765,
    0,
    0,
    -1,
    0
  ],
  "averageAngularVelocity" : 0.54085618257522583,
  "cameraPoseARFrame" : [
    -0.19841711223125458,
    0.68639403581619263,
    -0.69963818788528442,
    -0.36252275109291077,
    -0.97026646137237549,
    -0.036604855209589005,
    0.23925526440143585,
    0.41956350207328796,
    0.1386132687330246,
    0.72630769014358521,
    0.673248291015625,
    0.64221751689910889,
    0,
    0,
    0,
    0.9999995231628418
  ],
  "exposureDuration" : 0.01666666753590107,
  "cameraGrain" : 0.36974099278450012,
  "frame_index" : 39
}