{
  "projectionMatrix" : [
    1.6809424161911011,
    0,
    0.010186851024627686,
    0,
    0,
    2.2412564754486084,
    0.0016903281211853027,
    0,
    0,
    0,
    -0.9999997615814209,
    -0.00099999981466680765,
    0,
    0,
    -1,
    0
  ],
  "frame_index" : 35,
  "averageVelocity" : 0.2386934757232666,
  "exposureDuration" : 0.01666666753590107,
  "cameraGrain" : 0.40891695022583008,
  "cameraPoseARFrame" : [
    0.0074672498740255833,
    0.99723905324935913,
    0.073879458010196686,
    0.18133562803268433,
    -0.99420148134231567,
    -0.00052189425332471728,
    0.10753206163644791,
    0.29891633987426758,
    0.10727374255657196,
    -0.07425408810377121,
    0.99145263433456421,
    0.79815006256103516,
    0,
    0,
    0,
    0.99999940395355225
  ],
  "motionQuality" : 0.93180185556411743,
  "averageAngularVelocity" : 0.070970624685287476,
  "intrinsics" : [
    1613.7047119140625,
    0,
    949.72064208984375,
    0,
    1613.7047119140625,
    720.717041015625,
    0,
    0,
    1
  ],
  "time" : 189978.12894012505
}