{
  "cameraGrain" : 0.34602773189544678,
  "motionQuality" : 0.90819716453552246,
  "projectionMatrix" : [
    1.6578764915466309,
    0,
    0.0099034905433654785,
    0,
    0,
    2.2105019092559814,
    0.0017455816268920898,
    0,
    0,
    0,
    -0.9999997615814209,
    -0.00099999981466680765,
    0,
    0,
    -1,
    0
  ],
  "intrinsics" : [
    1591.5614013671875,
    0,
    949.99267578125,
    0,
    1591.5614013671875,
    720.7568359375,
    0,
    0,
    1
  ],
  "averageVelocity" : 0.13165697455406189,
  "frame_index" : 22,
  "time" : 189971.29304458338,
  "averageAngularVelocity" : 0.32130983471870422,
  "exposureDuration" : 0.01666666753590107,
  "cameraPoseARFrame" : [
    0.58137792348861694,
    0.31975308060646057,
    0.74816930294036865,
    0.55871176719665527,
    -0.78962600231170654,
    9.9746748674078844e-06,
    0.61358833312988281,
    0.59018409252166748,
    0.19618925452232361,
    -0.94750070571899414,
    0.25249111652374268,
    0.32474932074546814,
    0,
    0,
    0,
    0.99999940395355225
  ]
}