{
  "projectionMatrix" : [
    1.669644832611084,
    0,
    0.0097712278366088867,
    0,
    0,
    2.2261929512023926,
    0.0017987489700317383,
    0,
    0,
    0,
    -0.9999997615814209,
    -0.00099999981466680765,
    0,
    0,
    -1,
    0
  ],
  "frame_index" : 50,
  "averageVelocity" : 0.10438128560781479,
  "exposureDuration" : 0.01666666753590107,
  "cameraGrain" : 0.36063295602798462,
  "cameraPoseARFrame" : [
    -0.58748799562454224,
    0.53918689489364624,
    -0.60343623161315918,
    -0.3883855938911438,
    -0.72536605596542358,
    -0.020291602239012718,
    0.68806427717208862,
    0.51930767297744751,
    0.35875049233436584,
    0.84194159507751465,
    0.40302890539169312,
    0.53688770532608032,
    0,
    0,
    0,
    0.9999995231628418
  ],
  "motionQuality" : 0.97017675638198853,
  "averageAngularVelocity" : 0.090471118688583374,
  "intrinsics" : [
    1602.8590087890625,
    0,
    950.11962890625,
    0,
    1602.8590087890625,
    720.79510498046875,
    0,
    0,
    1
  ],
  "time" : 189986.03414850004
}