{
  "projectionMatrix" : [
    1.6710569858551025,
    0,
    0.010021984577178955,
    0,
    0,
    2.2280759811401367,
    0.0017362236976623535,
    0,
    0,
    0,
    -0.9999997615814209,
    -0.00099999981466680765,
    0,
    0,
    -1,
    0
  ],
  "frame_index" : 47,
  "averageVelocity" : 0.18879841268062592,
  "exposureDuration" : 0.01666666753590107,
  "cameraGrain" : 0.3646981418132782,
  "cameraPoseARFrame" : [
    -0.5252266526222229,
    0.13244687020778656,
    -0.84059178829193115,
    -0.40560427308082581,
    -0.84845644235610962,
    -0.0057554696686565876,
    0.52923387289047241,
    0.47177910804748535,
    0.065257430076599121,
    0.9911731481552124,
    0.1153983399271965,
    0.2167612612247467,
    0,
    0,
    0,
    0.99999940395355225
  ],
  "motionQuality" : 0.89811468124389648,
  "averageAngularVelocity" : 0.35659858584403992,
  "intrinsics" : [
    1604.2147216796875,
    0,
    949.87890625,
    0,
    1604.2147216796875,
    720.75006103515625,
    0,
    0,
    1
  ],
  "time" : 189984.4669144167
}