{
  "cameraGrain" : 0.28942102193832397,
  "motionQuality" : 0.99269568920135498,
  "projectionMatrix" : [
    1.6578764915466309,
    0,
    0.0099627971649169922,
    0,
    0,
    2.2105019092559814,
    0.0018466711044311523,
    0,
    0,
    0,
    -0.9999997615814209,
    -0.00099999981466680765,
    0,
    0,
    -1,
    0
  ],
  "intrinsics" : [
    1591.5614013671875,
    0,
    949.93572998046875,
    0,
    1591.5614013671875,
    720.82958984375,
    0,
    0,
    1
  ],
  "averageVelocity" : 0.020068606361746788,
  "frame_index" : 26,
  "time" : 189973.42899162503,
  "averageAngularVelocity" : 0,
  "exposureDuration" : 0.01666666753590107,
  "cameraPoseARFrame" : [
    0.57170873880386353,
    -0.009008956141769886,
    0.82040703296661377,
    0.62054413557052612,
    -0.81937247514724731,
    -0.057656679302453995,
    0.5703546404838562,
    0.58543252944946289,
    0.042163621634244919,
    -0.99829560518264771,
    -0.040344554930925369,
    0.18250782787799835,
    0,
    0,
    0,
    0.99999940395355225
  ]
}