{
  "frame_index" : 43,
  "cameraPoseARFrame" : [
    -0.41421219706535339,
    0.13044396042823792,
    -0.90078437328338623,
    -0.4404195249080658,
    -0.90667212009429932,
    0.027675138786435127,
    0.4209272563457489,
    0.49727547168731689,
    0.07983677089214325,
    0.99106913805007935,
    0.10680658370256424,
    0.33256742358207703,
    0,
    0,
    0,
    0.99999940395355225
  ],
  "exposureDuration" : 0.01666666753590107,
  "averageVelocity" : 0.22745631635189056,
  "time" : 189982.33092333339,
  "intrinsics" : [
    1576.6485595703125,
    0,
    949.78204345703125,
    0,
    1576.6485595703125,
    720.704833984375,
    0,
    0,
    1
  ],
  "projectionMatrix" : [
    1.642342209815979,
    0,
    0.010122895240783691,
    0,
    0,
    2.1897897720336914,
    0.0016734004020690918,
    0,
    0,
    0,
    -0.9999997615814209,
    -0.00099999981466680765,
    0,
    0,
    -1,
    0
  ],
  "cameraGrain" : 0.3911755383014679,
  "motionQuality" : 0.91300427913665771,
  "averageAngularVelocity" : 0.30448496341705322
}