{
  "projectionMatrix" : [
    1.6583472490310669,
    0,
    0.0099964141845703125,
    0,
    0,
    2.2111296653747559,
    0.001694798469543457,
    0,
    0,
    0,
    -0.9999997615814209,
    -0.00099999981466680765,
    0,
    0,
    -1,
    0
  ],
  "cameraPoseARFrame" : [
    -0.44563019275665283,
    0.5740007758140564,
    -0.68697631359100342,
    -0.41734007000923157,
    -0.83126199245452881,
    0.019522460177540779,
    0.5555378794670105,
    0.64588654041290283,
    0.33229070901870728,
    0.81862163543701172,
    0.46844536066055298,
    0.54606103897094727,
    0,
    0,
    0,
    0.99999940395355225
  ],
  "motionQuality" : 0.9170609712600708,
  "intrinsics" : [
    1592.0133056640625,
    0,
    949.9034423828125,
    0,
    1592.0133056640625,
    720.72027587890625,
    0,
    0,
    1
  ],
  "cameraGrain" : 0.24308013916015625,
  "averageAngularVelocity" : 0.29028666019439697,
  "time" : 189962.92470737503,
  "frame_index" : 6,
  "averageVelocity" : 0.20137439668178558,
  "exposureDuration" : 0.01666666753590107
}