{
  "cameraGrain" : 0.29926154017448425,
  "motionQuality" : 0.91041398048400879,
  "projectionMatrix" : [
    1.6578764915466309,
    0,
    0.009942173957824707,
    0,
    0,
    2.2105019092559814,
    0.0017827153205871582,
    0,
    0,
    0,
    -0.9999997615814209,
    -0.00099999981466680765,
    0,
    0,
    -1,
    0
  ],
  "intrinsics" : [
    1591.5614013671875,
    0,
    949.95550537109375,
    0,
    1591.5614013671875,
    720.7835693359375,
    0,
    0,
    1
  ],
  "averageVelocity" : 0.16659751534461975,
  "frame_index" : 20,
  "time" : 189970.22596358336,
  "averageAngularVelocity" : 0.31355103850364685,
  "exposureDuration" : 0.01666666753590107,
  "cameraPoseARFrame" : [
    0.44925856590270996,
    0.61915814876556396,
    0.64405715465545654,
    0.51012134552001953,
    -0.80891454219818115,
    -0.024109739810228348,
    0.58743160963058472,
    0.5980985164642334,
    0.37924110889434814,
    -0.78489577770233154,
    0.4900144636631012,
    0.46179449558258057,
    0,
    0,
    0,
    0.9999992847442627
  ]
}