{
  "projectionMatrix" : [
    1.6621130704879761,
    0,
    0.010001480579376221,
    0,
    0,
    2.2161507606506348,
    0.0016603469848632812,
    0,
    0,
    0,
    -0.9999997615814209,
    -0.00099999981466680765,
    0,
    0,
    -1,
    0
  ],
  "cameraPoseARFrame" : [
    -0.36727631092071533,
    0.70577019453048706,
    -0.60580211877822876,
    -0.35195738077163696,
    -0.83477991819381714,
    0.037110280245542526,
    0.54933160543441772,
    0.65887796878814697,
    0.41018342971801758,
    0.70746791362762451,
    0.57553327083587646,
    0.62730568647384644,
    0,
    0,
    0,
    0.99999940395355225
  ],
  "motionQuality" : 0.98287272453308105,
  "intrinsics" : [
    1595.6285400390625,
    0,
    949.8985595703125,
    0,
    1595.6285400390625,
    720.6954345703125,
    0,
    0,
    1
  ],
  "cameraGrain" : 0.27998563647270203,
  "averageAngularVelocity" : 0.05994536355137825,
  "time" : 189960.80824037504,
  "frame_index" : 2,
  "averageVelocity" : 0,
  "exposureDuration" : 0.01666666753590107
}