{
  "projectionMatrix" : [
    1.6621130704879761,
    0,
    0.0099975466728210449,
    0,
    0,
    2.2161507606506348,
    0.0016419291496276855,
    0,
    0,
    0,
    -0.9999997615814209,
    -0.00099999981466680765,
    0,
    0,
    -1,
    0
  ],
  "cameraPoseARFrame" : [
    -0.35011321306228638,
    0.72795748710632324,
    -0.58948987722396851,
    -0.3340800404548645,
    -0.83241945505142212,
    0.046783208847045898,
    0.55216759443283081,
    0.65845966339111328,
    0.42953282594680786,
    0.68402397632598877,
    0.58958661556243896,
    0.62686657905578613,
    0,
    0,
    0,
    0.99999940395355225
  ],
  "motionQuality" : 0.98573637008666992,
  "intrinsics" : [
    1595.6285400390625,
    0,
    949.90234375,
    0,
    1595.6285400390625,
    720.68218994140625,
    0,
    0,
    1
  ],
  "cameraGrain" : 0.29041761159896851,
  "averageAngularVelocity" : 0.049922790378332138,
  "time" : 189960.30564425004,
  "frame_index" : 1,
  "averageVelocity" : 0.029864126816391945,
  "exposureDuration" : 0.01666666753590107
}