{
  "projectionMatrix" : [
    1.6578764915466309,
    0,
    0.0099172592163085938,
    0,
    0,
    2.2105019092559814,
    0.001764833927154541,
    0,
    0,
    0,
    -0.9999997615814209,
    -0.00099999981466680765,
    0,
    0,
    -1,
    0
  ],
  "frame_index" : 21,
  "averageVelocity" : 0.14628894627094269,
  "exposureDuration" : 0.01666666753590107,
  "cameraGrain" : 0.32789468765258789,
  "cameraPoseARFrame" : [
    0.52085721492767334,
    0.49444088339805603,
    0.69587045907974243,
    0.51991242170333862,
    -0.79649865627288818,
    -0.011750063858926296,
    0.6045261025428772,
    0.58989739418029785,
    0.30707892775535583,
    -0.86913150548934937,
    0.38770139217376709,
    0.3997805118560791,
    0,
    0,
    0,
    0.9999992847442627
  ],
  "motionQuality" : 0.94057571887969971,
  "averageAngularVelocity" : 0.20798496901988983,
  "intrinsics" : [
    1591.5614013671875,
    0,
    949.97943115234375,
    0,
    1591.5614013671875,
    720.77069091796875,
    0,
    0,
    1
  ],
  "time" : 189970.75991479171
}