{
  "exposureDuration" : 0.01666666753590107,
  "averageVelocity" : 0.21349307894706726,
  "cameraPoseARFrame" : [
    -0.2290777862071991,
    0.92918825149536133,
    -0.29005518555641174,
    -0.16295558214187622,
    -0.81655323505401611,
    -0.021230731159448624,
    0.57687944173812866,
    0.61253535747528076,
    0.52987164258956909,
    0.36899569630622864,
    0.7635953426361084,
    0.69631141424179077,
    0,
    0,
    0,
    0.9999992847442627
  ],
  "projectionMatrix" : [
    1.6578764915466309,
    0,
    0.0099649429321289062,
    0,
    0,
    2.2105019092559814,
    0.0017659664154052734,
    0,
    0,
    0,
    -0.9999997615814209,
    -0.00099999981466680765,
    0,
    0,
    -1,
    0
  ],
  "intrinsics" : [
    1591.5614013671875,
    0,
    949.93365478515625,
    0,
    1591.5614013671875,
    720.771484375,
    0,
    0,
    1
  ],
  "averageAngularVelocity" : 0.31024348735809326,
  "cameraGrain" : 0.27328392863273621,
  "frame_index" : 13,
  "time" : 189966.55958833339,
  "motionQuality" : 0.91135901212692261
}