{
  "cameraPoseARFrame" : [
    0.55839991569519043,
    0.22306860983371735,
    0.79901778697967529,
    0.61238402128219604,
    -0.81507647037506104,
    -0.031738486140966415,
    0.57848328351974487,
    0.5950777530670166,
    0.15440110862255096,
    -0.97428572177886963,
    0.1640951931476593,
    0.28345093131065369,
    0,
    0,
    0,
    0.99999940395355225
  ],
  "projectionMatrix" : [
    1.6583472490310669,
    0,
    0.0099560022354125977,
    0,
    0,
    2.2111296653747559,
    0.0018007159233093262,
    0,
    0,
    0,
    -0.9999997615814209,
    -0.00099999981466680765,
    0,
    0,
    -1,
    0
  ],
  "averageAngularVelocity" : 0.31416657567024231,
  "cameraGrain" : 0.36247512698173523,
  "averageVelocity" : 0.18873050808906555,
  "intrinsics" : [
    1592.0133056640625,
    0,
    949.9422607421875,
    0,
    1592.0133056640625,
    720.7965087890625,
    0,
    0,
    1
  ],
  "time" : 189974.46240108338,
  "motionQuality" : 0.91023814678192139,
  "exposureDuration" : 0.01666666753590107,
  "frame_index" : 28
}