{
  "cameraGrain" : 0.32370480895042419,
  "motionQuality" : 0.9511796236038208,
  "projectionMatrix" : [
    1.6578764915466309,
    0,
    0.009923398494720459,
    0,
    0,
    2.2105019092559814,
    0.0017706155776977539,
    0,
    0,
    0,
    -0.9999997615814209,
    -0.00099999981466680765,
    0,
    0,
    -1,
    0
  ],
  "intrinsics" : [
    1591.5614013671875,
    0,
    949.9735107421875,
    0,
    1591.5614013671875,
    720.77484130859375,
    0,
    0,
    1
  ],
  "averageVelocity" : 0.082362167537212372,
  "frame_index" : 23,
  "time" : 189971.82646333339,
  "averageAngularVelocity" : 0.17087127268314362,
  "exposureDuration" : 0.01666666753590107,
  "cameraPoseARFrame" : [
    0.58908504247665405,
    0.17250543832778931,
    0.78944301605224609,
    0.58468508720397949,
    -0.79986530542373657,
    -0.014390695840120316,
    0.6000068187713623,
    0.59116601943969727,
    0.1148650273680687,
    -0.98490309715270996,
    0.12950369715690613,
    0.28581905364990234,
    0,
    0,
    0,
    0.9999992847442627
  ]
}