{
  "projectionMatrix" : [
    1.6621130704879761,
    0,
    0.010007321834564209,
    0,
    0,
    2.2161507606506348,
    0.0016359090805053711,
    0,
    0,
    0,
    -0.9999997615814209,
    -0.00099999981466680765,
    0,
    0,
    -1,
    0
  ],
  "cameraPoseARFrame" : [
    -0.36549288034439087,
    0.68813294172286987,
    -0.62680745124816895,
    -0.36285150051116943,
    -0.83813560009002686,
    0.049625720828771591,
    0.54319977760314941,
    0.66150546073913574,
    0.4048994779586792,
    0.723885178565979,
    0.55861097574234009,
    0.63343501091003418,
    0,
    0,
    0,
    0.99999940395355225
  ],
  "motionQuality" : 0.9838070273399353,
  "intrinsics" : [
    1595.6285400390625,
    0,
    949.8929443359375,
    0,
    1595.6285400390625,
    720.6778564453125,
    0,
    0,
    1
  ],
  "cameraGrain" : 0.25967395305633545,
  "averageAngularVelocity" : 0.056675449013710022,
  "time" : 189961.32237754171,
  "frame_index" : 3,
  "averageVelocity" : 0.017532777041196823,
  "exposureDuration" : 0.01666666753590107
}