{
  "intrinsics" : [
    1592.0133056640625,
    0,
    949.94281005859375,
    0,
    1592.0133056640625,
    720.80767822265625,
    0,
    0,
    1
  ],
  "cameraPoseARFrame" : [
    0.57426923513412476,
    0.076460555195808411,
    0.81508803367614746,
    0.62165683507919312,
    -0.81512397527694702,
    -0.039118334650993347,
    0.577964186668396,
    0.58906686305999756,
    0.076076306402683258,
    -0.99630481004714966,
    0.039860323071479797,
    0.22173939645290375,
    0,
    0,
    0,
    0.99999940395355225
  ],
  "time" : 189973.96104775005,
  "frame_index" : 27,
  "averageVelocity" : 0.090492591261863708,
  "projectionMatrix" : [
    1.6583472490310669,
    0,
    0.0099554061889648438,
    0,
    0,
    2.2111296653747559,
    0.0018162131309509277,
    0,
    0,
    0,
    -0.9999997615814209,
    -0.00099999981466680765,
    0,
    0,
    -1,
    0
  ],
  "averageAngularVelocity" : 0.28520828485488892,
  "cameraGrain" : 0.31224676966667175,
  "motionQuality" : 0.91851192712783813,
  "exposureDuration" : 0.01666666753590107
}