{
  "frame_index" : 36,
  "cameraPoseARFrame" : [
    -0.046851005405187607,
    0.99293839931488037,
    -0.108986496925354,
    0.083221852779388428,
    -0.99648714065551758,
    -0.038876883685588837,
    0.074175022542476654,
    0.28221234679222107,
    0.069414183497428894,
    0.11207874864339828,
    0.99127179384231567,
    0.7629426121711731,
    0,
    0,
    0,
    0.9999995231628418
  ],
  "time" : 189978.63124679172,
  "cameraGrain" : 0.4239267110824585,
  "projectionMatrix" : [
    1.669644832611084,
    0,
    0.010173976421356201,
    0,
    0,
    2.2261929512023926,
    0.0017602443695068359,
    0,
    0,
    0,
    -0.9999997615814209,
    -0.00099999981466680765,
    0,
    0,
    -1,
    0
  ],
  "exposureDuration" : 0.01666666753590107,
  "averageVelocity" : 0.19846843183040619,
  "averageAngularVelocity" : 0.45660588145256042,
  "intrinsics" : [
    1602.8590087890625,
    0,
    949.73297119140625,
    0,
    1602.8590087890625,
    720.76739501953125,
    0,
    0,
    1
  ],
  "motionQuality" : 0.86954116821289062
}