{
  "intrinsics" : [
    1601.5032958984375,
    0,
    949.72869873046875,
    0,
    1601.5032958984375,
    720.771240234375,
    0,
    0,
    1
  ],
  "averageVelocity" : 0.25331234931945801,
  "motionQuality" : 0.85128921270370483,
  "time" : 189980.76363620837,
  "projectionMatrix" : [
    1.6682325601577759,
    0,
    0.010178446769714355,
    0,
    0,
    2.2243101596832275,
    0.0017656087875366211,
    0,
    0,
    0,
    -0.9999997615814209,
    -0.00099999981466680765,
    0,
    0,
    -1,
    0
  ],
  "averageAngularVelocity" : 0.52048772573471069,
  "cameraPoseARFrame" : [
    -0.27349889278411865,
    0.56817358732223511,
    -0.77612942457199097,
    -0.43740662932395935,
    -0.94888657331466675,
    -0.027233375236392021,
    0.31444001197814941,
    0.46069982647895813,
    0.15751989185810089,
    0.82245767116546631,
    0.54658067226409912,
    0.55842626094818115,
    0,
    0,
    0,
    0.9999992847442627
  ],
  "exposureDuration" : 0.01666666753590107,
  "cameraGrain" : 0.38754779100418091,
  "frame_index" : 40
}