{
  "intrinsics" : [
    1592.4652099609375,
    0,
    949.873046875,
    0,
    1592.4652099609375,
    720.736572265625,
    0,
    0,
    1
  ],
  "frame_index" : 10,
  "averageAngularVelocity" : 0.37567496299743652,
  "motionQuality" : 0.89266431331634521,
  "exposureDuration" : 0.01666666753590107,
  "cameraPoseARFrame" : [
    -0.40597987174987793,
    0.63948005437850952,
    -0.65287452936172485,
    -0.42981687188148499,
    -0.84870392084121704,
    0.0011368339182808995,
    0.52886688709259033,
    0.6357649564743042,
    0.33894211053848267,
    0.76880639791488647,
    0.54226773977279663,
    0.59965866804122925,
    0,
    0,
    0,
    0.9999992847442627
  ],
  "cameraGrain" : 0.26943936944007874,
  "averageVelocity" : 0.21291336417198181,
  "time" : 189964.99218050003,
  "projectionMatrix" : [
    1.6588178873062134,
    0,
    0.010028064250946045,
    0,
    0,
    2.2117571830749512,
    0.0017174482345581055,
    0,
    0,
    0,
    -0.9999997615814209,
    -0.00099999981466680765,
    0,
    0,
    -1,
    0
  ]
}