{
  "projectionMatrix" : [
    1.6583472490310669,
    0,
    0.010017514228820801,
    0,
    0,
    2.2111296653747559,
    0.001700282096862793,
    0,
    0,
    0,
    -0.9999997615814209,
    -0.00099999981466680765,
    0,
    0,
    -1,
    0
  ],
  "frame_index" : 30,
  "averageVelocity" : 0.23545080423355103,
  "exposureDuration" : 0.01666666753590107,
  "cameraGrain" : 0.38523665070533752,
  "cameraPoseARFrame" : [
    0.39166978001594543,
    0.69315540790557861,
    0.60508686304092407,
    0.49800452589988708,
    -0.84816211462020874,
    0.017065577208995819,
    0.52946174144744873,
    0.59195840358734131,
    0.35667306184768677,
    -0.72058600187301636,
    0.59459215402603149,
    0.53934907913208008,
    0,
    0,
    0,
    0.99999940395355225
  ],
  "motionQuality" : 0.86494433879852295,
  "averageAngularVelocity" : 0.4726947546005249,
  "intrinsics" : [
    1592.0133056640625,
    0,
    949.8831787109375,
    0,
    1592.0133056640625,
    720.72418212890625,
    0,
    0,
    1
  ],
  "time" : 189975.52983258339
}