{
  "projectionMatrix" : [
    1.6583472490310669,
    0,
    0.010023117065429688,
    0,
    0,
    2.2111296653747559,
    0.0016854405403137207,
    0,
    0,
    0,
    -0.9999997615814209,
    -0.00099999981466680765,
    0,
    0,
    -1,
    0
  ],
  "cameraPoseARFrame" : [
    -0.45276829600334167,
    0.50332063436508179,
    -0.73598146438598633,
    -0.48071077466011047,
    -0.84584665298461914,
    0.018635207787156105,
    0.533100426197052,
    0.63465201854705811,
    0.28203564882278442,
    0.86389839649200439,
    0.41729474067687988,
    0.51116251945495605,
    0,
    0,
    0,
    0.9999992847442627
  ],
  "motionQuality" : 0.9426073431968689,
  "cameraGrain" : 0.27096301317214966,
  "intrinsics" : [
    1592.0133056640625,
    0,
    949.8778076171875,
    0,
    1592.0133056640625,
    720.7135009765625,
    0,
    0,
    1
  ],
  "averageVelocity" : 0.15886755287647247,
  "frame_index" : 9,
  "exposureDuration" : 0.01666666753590107,
  "averageAngularVelocity" : 0.20087423920631409,
  "time" : 189964.49091062506
}