{
  "projectionMatrix" : [
    1.6578764915466309,
    0,
    0.0099404454231262207,
    0,
    0,
    2.2105019092559814,
    0.0017690062522888184,
    0,
    0,
    0,
    -0.9999997615814209,
    -0.00099999981466680765,
    0,
    0,
    -1,
    0
  ],
  "frame_index" : 29,
  "averageVelocity" : 0.30022537708282471,
  "exposureDuration" : 0.01666666753590107,
  "cameraGrain" : 0.3867262601852417,
  "cameraPoseARFrame" : [
    0.50255876779556274,
    0.50731784105300903,
    0.70004492998123169,
    0.52913111448287964,
    -0.80698639154434204,
    -0.015236613340675831,
    0.59037339687347412,
    0.5896916389465332,
    0.31017321348190308,
    -0.86162418127059937,
    0.40174126625061035,
    0.40580880641937256,
    0,
    0,
    0,
    0.99999940395355225
  ],
  "motionQuality" : 0.86541157960891724,
  "averageAngularVelocity" : 0.47105944156646729,
  "intrinsics" : [
    1591.5614013671875,
    0,
    949.9571533203125,
    0,
    1591.5614013671875,
    720.773681640625,
    0,
    0,
    1
  ],
  "time" : 189974.99639016672
}