{
  "time" : 189968.12662504171,
  "cameraPoseARFrame" : [
    0.040646754205226898,
    0.9950186014175415,
    0.091026365756988525,
    0.16004064679145813,
    -0.81264716386795044,
    -0.020083228126168251,
    0.58241003751754761,
    0.60228258371353149,
    0.58133679628372192,
    -0.097645401954650879,
    0.80778264999389648,
    0.67818242311477661,
    0,
    0,
    0,
    0.9999995231628418
  ],
  "projectionMatrix" : [
    1.6583472490310669,
    0,
    0.0099526047706604004,
    0,
    0,
    2.2111296653747559,
    0.0017669796943664551,
    0,
    0,
    0,
    -0.9999997615814209,
    -0.00099999981466680765,
    0,
    0,
    -1,
    0
  ],
  "motionQuality" : 0.89634984731674194,
  "frame_index" : 16,
  "intrinsics" : [
    1592.0133056640625,
    0,
    949.94549560546875,
    0,
    1592.0133056640625,
    720.772216796875,
    0,
    0,
    1
  ],
  "averageVelocity" : 0.24323424696922302,
  "cameraGrain" : 0.26497697830200195,
  "averageAngularVelocity" : 0.36277562379837036,
  "exposureDuration" : 0.01666666753590107
}