{
  "projectionMatrix" : [
    1.6776472330093384,
    0,
    0.010048985481262207,
    0,
    0,
    2.2368631362915039,
    0.0016521215438842773,
    0,
    0,
    0,
    -0.9999997615814209,
    -0.00099999981466680765,
    0,
    0,
    -1,
    0
  ],
  "frame_index" : 46,
  "averageVelocity" : 0.07803577184677124,
  "exposureDuration" : 0.01666666753590107,
  "cameraGrain" : 0.37239447236061096,
  "cameraPoseARFrame" : [
    -0.50320512056350708,
    0.0081972731277346611,
    -0.8641279935836792,
    -0.42654129862785339,
    -0.86339402198791504,
    0.037512920796871185,
    0.50313365459442139,
    0.47180891036987305,
    0.036540288478136063,
    0.99926233291625977,
    -0.011799218133091927,
    0.15690784156322479,
    0,
    0,
    0,
    0.99999940395355225
  ],
  "motionQuality" : 0.97770404815673828,
  "averageAngularVelocity" : 0.076111994683742523,
  "intrinsics" : [
    1610.5413818359375,
    0,
    949.85296630859375,
    0,
    1610.5413818359375,
    720.68951416015625,
    0,
    0,
    1
  ],
  "time" : 189983.93165750004
}