{
  "projectionMatrix" : [
    1.6583472490310669,
    0,
    0.010002017021179199,
    0,
    0,
    2.2111296653747559,
    0.0016674399375915527,
    0,
    0,
    0,
    -0.9999997615814209,
    -0.00099999981466680765,
    0,
    0,
    -1,
    0
  ],
  "cameraPoseARFrame" : [
    -0.47958415746688843,
    0.45052185654640198,
    -0.75301313400268555,
    -0.50042259693145752,
    -0.83426260948181152,
    0.031941328197717667,
    0.55044114589691162,
    0.63825857639312744,
    0.27203810214996338,
    0.89219361543655396,
    0.36053511500358582,
    0.46278688311576843,
    0,
    0,
    0,
    0.99999940395355225
  ],
  "motionQuality" : 0.97938412427902222,
  "cameraGrain" : 0.26936900615692139,
  "intrinsics" : [
    1592.0133056640625,
    0,
    949.8980712890625,
    0,
    1592.0133056640625,
    720.7005615234375,
    0,
    0,
    1
  ],
  "averageVelocity" : 0.03134516254067421,
  "frame_index" : 8,
  "exposureDuration" : 0.01666666753590107,
  "averageAngularVelocity" : 0.072155527770519257,
  "time" : 189963.98984133339
}