{
  "intrinsics" : [
    1592.0133056640625,
    0,
    949.947021484375,
    0,
    1592.0133056640625,
    720.75640869140625,
    0,
    0,
    1
  ],
  "cameraPoseARFrame" : [
    0.3692004382610321,
    0.76900875568389893,
    0.521839439868927,
    0.4203435480594635,
    -0.81333309412002563,
    -0.0043096453882753849,
    0.58178251981735229,
    0.60262793302536011,
    0.44964474439620972,
    -0.63922363519668579,
    0.62386906147003174,
    0.52850115299224854,
    0,
    0,
    0,
    0.9999995231628418
  ],
  "time" : 189969.6938439167,
  "frame_index" : 19,
  "averageVelocity" : 0.23845942318439484,
  "projectionMatrix" : [
    1.6583472490310669,
    0,
    0.0099509954452514648,
    0,
    0,
    2.2111296653747559,
    0.0017449855804443359,
    0,
    0,
    0,
    -0.9999997615814209,
    -0.00099999981466680765,
    0,
    0,
    -1,
    0
  ],
  "averageAngularVelocity" : 0.42985901236534119,
  "cameraGrain" : 0.28227874636650085,
  "motionQuality" : 0.87718313932418823,
  "exposureDuration" : 0.01666666753590107
}