{
  "projectionMatrix" : [
    1.6639959812164307,
    0,
    0.010065317153930664,
    0,
    0,
    2.2186613082885742,
    0.0016053915023803711,
    0,
    0,
    0,
    -0.9999997615814209,
    -0.00099999981466680765,
    0,
    0,
    -1,
    0
  ],
  "frame_index" : 45,
  "averageVelocity" : 0.073855854570865631,
  "exposureDuration" : 0.01666666753590107,
  "cameraGrain" : 0.37724727392196655,
  "cameraPoseARFrame" : [
    -0.48215493559837341,
    0.012853147462010384,
    -0.87599152326583862,
    -0.42951735854148865,
    -0.87384086847305298,
    0.064480766654014587,
    0.48191732168197632,
    0.46885502338409424,
    0.062678806483745575,
    0.99783605337142944,
    -0.019858039915561676,
    0.14497756958007812,
    0,
    0,
    0,
    0.99999940395355225
  ],
  "motionQuality" : 0.95598095655441284,
  "averageAngularVelocity" : 0.15406668186187744,
  "intrinsics" : [
    1597.4361572265625,
    0,
    949.8372802734375,
    0,
    1597.4361572265625,
    720.6558837890625,
    0,
    0,
    1
  ],
  "time" : 189983.39819775004
}