{
  "projectionMatrix" : [
    1.669644832611084,
    0,
    0.0097954869270324707,
    0,
    0,
    2.2261929512023926,
    0.0018098354339599609,
    0,
    0,
    0,
    -0.9999997615814209,
    -0.00099999981466680765,
    0,
    0,
    -1,
    0
  ],
  "frame_index" : 49,
  "averageVelocity" : 0.21872527897357941,
  "exposureDuration" : 0.01666666753590107,
  "cameraGrain" : 0.36695829033851624,
  "cameraPoseARFrame" : [
    -0.59801214933395386,
    0.49660146236419678,
    -0.6291009783744812,
    -0.36478811502456665,
    -0.73608964681625366,
    -0.029749596491456032,
    0.67622977495193481,
    0.51128613948822021,
    0.31710124015808105,
    0.86746841669082642,
    0.38333389163017273,
    0.46717739105224609,
    0,
    0,
    0,
    0.9999992847442627
  ],
  "motionQuality" : 0.92345017194747925,
  "averageAngularVelocity" : 0.26792433857917786,
  "intrinsics" : [
    1602.8590087890625,
    0,
    950.0963134765625,
    0,
    1602.8590087890625,
    720.8031005859375,
    0,
    0,
    1
  ],
  "time" : 189985.50053233336
}