{
  "cameraPoseARFrame" : [
    -0.37285414338111877,
    0.7577778697013855,
    -0.53549277782440186,
    -0.3517802357673645,
    -0.83073794841766357,
    -0.015533260069787502,
    0.55644702911376953,
    0.62668168544769287,
    0.41334521770477295,
    0.65232765674591064,
    0.63530647754669189,
    0.66095888614654541,
    0,
    0,
    0,
    0.99999940395355225
  ],
  "averageVelocity" : 0.18325476348400116,
  "motionQuality" : 0.92085111141204834,
  "frame_index" : 11,
  "time" : 189965.52409283337,
  "projectionMatrix" : [
    1.6583472490310669,
    0,
    0.0099947452545166016,
    0,
    0,
    2.2111296653747559,
    0.0017517209053039551,
    0,
    0,
    0,
    -0.9999997615814209,
    -0.00099999981466680765,
    0,
    0,
    -1,
    0
  ],
  "intrinsics" : [
    1592.0133056640625,
    0,
    949.905029296875,
    0,
    1592.0133056640625,
    720.76123046875,
    0,
    0,
    1
  ],
  "averageAngularVelocity" : 0.27702116966247559,
  "cameraGrain" : 0.27805942296981812,
  "exposureDuration" : 0.01666666753590107
}