{
  "cameraPoseARFrame" : [
    -0.30215135216712952,
    0.34537169337272644,
    -0.88849467039108276,
    -0.47546690702438354,
    -0.94291210174560547,
    0.028678016737103462,
    0.3318047821521759,
    0.4916355311870575,
    0.14007627964019775,
    0.93802750110626221,
    0.3169901967048645,
    0.44607385993003845,
    0,
    0,
    0,
    0.9999995231628418
  ],
  "frame_index" : 41,
  "exposureDuration" : 0.01666666753590107,
  "averageVelocity" : 0.21523566544055939,
  "time" : 189981.26562250004,
  "intrinsics" : [
    1601.0513916015625,
    0,
    949.734375,
    0,
    1601.0513916015625,
    720.697998046875,
    0,
    0,
    1
  ],
  "projectionMatrix" : [
    1.6677619218826294,
    0,
    0.010172545909881592,
    0,
    0,
    2.2236824035644531,
    0.0016638636589050293,
    0,
    0,
    0,
    -0.9999997615814209,
    -0.00099999981466680765,
    0,
    0,
    -1,
    0
  ],
  "cameraGrain" : 0.38754779100418091,
  "motionQuality" : 0.87811934947967529,
  "averageAngularVelocity" : 0.4265822172164917
}