{
  "projectionMatrix" : [
    1.67011559009552,
    0,
    0.0098518133163452148,
    0,
    0,
    2.226820707321167,
    0.0017973184585571289,
    0,
    0,
    0,
    -0.9999997615814209,
    -0.00099999981466680765,
    0,
    0,
    -1,
    0
  ],
  "frame_index" : 48,
  "averageVelocity" : 0.30328398942947388,
  "exposureDuration" : 0.01666666753590107,
  "cameraGrain" : 0.38143810629844666,
  "cameraPoseARFrame" : [
    -0.60783141851425171,
    0.37572494149208069,
    -0.6995508074760437,
    -0.35790705680847168,
    -0.76157200336456299,
    -0.026398608461022377,
    0.64754247665405273,
    0.48156094551086426,
    0.2248307466506958,
    0.92635488510131836,
    0.30218762159347534,
    0.33568510413169861,
    0,
    0,
    0,
    0.99999940395355225
  ],
  "motionQuality" : 0.90910154581069946,
  "averageAngularVelocity" : 0.31814461946487427,
  "intrinsics" : [
    1603.3109130859375,
    0,
    950.042236328125,
    0,
    1603.3109130859375,
    720.7940673828125,
    0,
    0,
    1
  ],
  "time" : 189984.99877441672
}