{
  "projectionMatrix" : [
    1.6541105508804321,
    0,
    0.0099863409996032715,
    0,
    0,
    2.2054808139801025,
    0.0016469955444335938,
    0,
    0,
    0,
    -0.9999997615814209,
    -0.00099999981466680765,
    0,
    0,
    -1,
    0
  ],
  "cameraPoseARFrame" : [
    -0.37415140867233276,
    0.7006804347038269,
    -0.60750091075897217,
    -0.35960060358047485,
    -0.82626140117645264,
    0.045568261295557022,
    0.56144064664840698,
    0.6528095006942749,
    0.42107319831848145,
    0.71201831102371216,
    0.56189584732055664,
    0.61607301235198975,
    0,
    0,
    0,
    0.99999940395355225
  ],
  "motionQuality" : 0.97854131460189819,
  "intrinsics" : [
    1587.9461669921875,
    0,
    949.9130859375,
    0,
    1587.9461669921875,
    720.68585205078125,
    0,
    0,
    1
  ],
  "cameraGrain" : 0.24673853814601898,
  "averageAngularVelocity" : 0.071480497717857361,
  "time" : 189962.39102050004,
  "frame_index" : 5,
  "averageVelocity" : 0,
  "exposureDuration" : 0.01666666753590107
}