{
  "frame_index" : 31,
  "cameraPoseARFrame" : [
    0.28622263669967651,
    0.78085923194885254,
    0.55527937412261963,
    0.47551378607749939,
    -0.89439243078231812,
    0.0098461788147687912,
    0.44717472791671753,
    0.52884209156036377,
    0.34371313452720642,
    -0.62462913990020752,
    0.70121270418167114,
    0.65792393684387207,
    0,
    0,
    0,
    0.99999940395355225
  ],
  "time" : 189976.0617382917,
  "cameraGrain" : 0.388479083776474,
  "projectionMatrix" : [
    1.6818839311599731,
    0,
    0.010100007057189941,
    0,
    0,
    2.2425117492675781,
    0.001700282096862793,
    0,
    0,
    0,
    -0.9999997615814209,
    -0.00099999981466680765,
    0,
    0,
    -1,
    0
  ],
  "exposureDuration" : 0.01666666753590107,
  "averageVelocity" : 0.21244189143180847,
  "averageAngularVelocity" : 0.1571902334690094,
  "intrinsics" : [
    1614.6085205078125,
    0,
    949.80401611328125,
    0,
    1614.6085205078125,
    720.72418212890625,
    0,
    0,
    1
  ],
  "motionQuality" : 0.93930232524871826
}