{
  "time" : 189967.09323966672,
  "cameraPoseARFrame" : [
    -0.11118012666702271,
    0.98245000839233398,
    -0.1497686505317688,
    -0.042538676410913467,
    -0.8198966383934021,
    -0.0055126813240349293,
    0.57248491048812866,
    0.61611175537109375,
    0.56161218881607056,
    0.18644370138645172,
    0.80612039566040039,
    0.73309725522994995,
    0,
    0,
    0,
    0.9999992847442627
  ],
  "projectionMatrix" : [
    1.6578764915466309,
    0,
    0.0099695920944213867,
    0,
    0,
    2.2105019092559814,
    0.0017337203025817871,
    0,
    0,
    0,
    -0.9999997615814209,
    -0.00099999981466680765,
    0,
    0,
    -1,
    0
  ],
  "motionQuality" : 0.91181844472885132,
  "frame_index" : 14,
  "intrinsics" : [
    1591.5614013671875,
    0,
    949.92919921875,
    0,
    1591.5614013671875,
    720.748291015625,
    0,
    0,
    1
  ],
  "averageVelocity" : 0.2072775661945343,
  "cameraGrain" : 0.26352429389953613,
  "averageAngularVelocity" : 0.30863538384437561,
  "exposureDuration" : 0.01666666753590107
}