{
  "intrinsics" : [
    1602.4071044921875,
    0,
    949.72149658203125,
    0,
    1602.4071044921875,
    720.81256103515625,
    0,
    0,
    1
  ],
  "averageVelocity" : 0.40683096647262573,
  "motionQuality" : 0.88077342510223389,
  "time" : 189979.69648066669,
  "projectionMatrix" : [
    1.6691740751266479,
    0,
    0.010185956954956055,
    0,
    0,
    2.2255654335021973,
    0.0018230080604553223,
    0,
    0,
    0,
    -0.9999997615814209,
    -0.00099999981466680765,
    0,
    0,
    -1,
    0
  ],
  "averageAngularVelocity" : 0.41729295253753662,
  "cameraPoseARFrame" : [
    -0.13177475333213806,
    0.84127539396286011,
    -0.52430033683776855,
    -0.21017317473888397,
    -0.98781472444534302,
    -0.067258961498737335,
    0.14035029709339142,
    0.34941518306732178,
    0.082809388637542725,
    0.53640609979629517,
    0.83988726139068604,
    0.74298959970474243,
    0,
    0,
    0,
    0.99999940395355225
  ],
  "exposureDuration" : 0.01666666753590107,
  "cameraGrain" : 0.35998013615608215,
  "frame_index" : 38
}