{
  "projectionMatrix" : [
    1.680471658706665,
    0,
    0.010195791721343994,
    0,
    0,
    2.2406289577484131,
    0.001617431640625,
    0,
    0,
    0,
    -0.9999997615814209,
    -0.00099999981466680765,
    0,
    0,
    -1,
    0
  ],
  "frame_index" : 34,
  "averageVelocity" : 0.1763124018907547,
  "exposureDuration" : 0.01666666753590107,
  "cameraGrain" : 0.39180630445480347,
  "cameraPoseARFrame" : [
    0.07188781350851059,
    0.98194414377212524,
    0.17497839033603668,
    0.26976263523101807,
    -0.98356837034225464,
    0.040662609040737152,
    0.17589692771434784,
    0.35631740093231201,
    0.16560588777065277,
    -0.1847480982542038,
    0.96873235702514648,
    0.76150572299957275,
    0,
    0,
    0,
    0.99999940395355225
  ],
  "motionQuality" : 0.88081753253936768,
  "averageAngularVelocity" : 0.41713863611221313,
  "intrinsics" : [
    1613.2528076171875,
    0,
    949.7120361328125,
    0,
    1613.2528076171875,
    720.66455078125,
    0,
    0,
    1
  ],
  "time" : 189977.59613679172
}