{
  "exposureDuration" : 0.01666666753590107,
  "motionQuality" : 0.93033778667449951,
  "averageAngularVelocity" : 0.24381779134273529,
  "frame_index" : 12,
  "intrinsics" : [
    1592.0133056640625,
    0,
    949.9197998046875,
    0,
    1592.0133056640625,
    720.7490234375,
    0,
    0,
    1
  ],
  "averageVelocity" : 0.17241242527961731,
  "cameraPoseARFrame" : [
    -0.30239757895469666,
    0.85004997253417969,
    -0.43124297261238098,
    -0.25333687663078308,
    -0.82312852144241333,
    -0.0047493185847997665,
    0.56783515214920044,
    0.61955493688583374,
    0.48064011335372925,
    0.52668029069900513,
    0.70113664865493774,
    0.68661016225814819,
    0,
    0,
    0,
    0.9999995231628418
  ],
  "projectionMatrix" : [
    1.6583472490310669,
    0,
    0.0099793672561645508,
    0,
    0,
    2.2111296653747559,
    0.0017347335815429688,
    0,
    0,
    0,
    -0.9999997615814209,
    -0.00099999981466680765,
    0,
    0,
    -1,
    0
  ],
  "time" : 189966.0576304167,
  "cameraGrain" : 0.27485555410385132
}