{
  "time" : 189967.62486300003,
  "cameraPoseARFrame" : [
    -0.015957184135913849,
    0.9991568922996521,
    -0.037821780890226364,
    0.051874663680791855,
    -0.80283117294311523,
    0.0097438693046569824,
    0.59612679481506348,
    0.60553097724914551,
    0.59599268436431885,
    0.039876922965049744,
    0.80199891328811646,
    0.69455361366271973,
    0,
    0,
    0,
    0.99999940395355225
  ],
  "projectionMatrix" : [
    1.6578764915466309,
    0,
    0.0099353194236755371,
    0,
    0,
    2.2105019092559814,
    0.001714169979095459,
    0,
    0,
    0,
    -0.9999997615814209,
    -0.00099999981466680765,
    0,
    0,
    -1,
    0
  ],
  "motionQuality" : 0.92016583681106567,
  "frame_index" : 15,
  "intrinsics" : [
    1591.5614013671875,
    0,
    949.96209716796875,
    0,
    1591.5614013671875,
    720.73419189453125,
    0,
    0,
    1
  ],
  "averageVelocity" : 0.18903148174285889,
  "cameraGrain" : 0.26570972800254822,
  "averageAngularVelocity" : 0.27941957116127014,
  "exposureDuration" : 0.01666666753590107
}